,file_path,targets,preds
0,2017,2,0
1,2017,2,0
2,2017,2,0
3,2017,2,0
4,2017,2,1
5,2017,2,1
6,2017,2,2
7,2017,2,2
8,2017,2,2
9,2017,2,0
10,2017,2,0
11,2017,2,0
12,2017,2,1
13,2017,2,2
14,2017,2,2
15,2017,2,2
16,2017,2,1
17,2017,2,2
18,2017,2,2
19,2017,2,2
20,2017,2,2
21,2017,2,2
22,2017,2,2
23,2017,2,2
24,2017,2,2
25,2017,2,2
26,2017,2,2
27,2017,2,2
28,2017,2,2
29,2017,2,2
30,2017,2,0
31,2017,2,2
32,2017,2,2
33,2017,2,2
34,2017,2,2
35,2017,2,2
36,2017,2,0
37,2017,2,2
38,2017,2,2
39,2017,2,2
40,2017,2,0
41,2017,2,2
42,2017,2,2
43,2017,2,2
44,2017,2,2
45,2017,2,0
46,2017,2,0
47,2017,2,0
48,2017,2,0
49,2017,2,2
50,2017,2,0
51,2017,2,0
52,2017,2,0
53,2017,2,0
54,2017,2,0
55,2017,2,0
56,2017,2,2
57,2017,2,2
58,2017,2,2
59,2017,2,2
60,2017,2,2
61,2017,2,2
62,2017,2,0
63,2017,2,0
64,2017,2,0
65,2017,2,0
66,2017,2,0
67,2017,2,0
68,2017,2,2
69,2017,2,0
70,2017,2,2
71,2017,2,0
72,2017,2,0
73,2017,2,2
74,2017,2,2
75,2017,2,2
76,2017,2,0
77,2017,2,0
78,2017,2,0
79,2017,2,2
80,2017,2,0
81,2017,2,2
82,2017,2,2
83,2017,2,0
84,2017,2,0
85,2017,2,0
86,2017,2,2
87,2017,2,2
88,2017,2,2
89,2017,2,0
90,2017,2,0
91,2017,2,2
92,2017,2,1
93,2017,2,1
94,2017,2,1
95,2017,2,1
96,2017,2,1
97,2017,2,1
98,2017,2,1
99,2017,2,1
100,2017,2,2
101,2017,2,0
102,2017,2,2
103,2017,2,2
104,2017,2,0
105,2017,2,2
106,2017,2,0
107,2017,2,0
108,2017,2,0
109,2017,2,2
110,2017,2,2
111,2017,2,0
112,2017,2,2
113,2017,2,0
114,2017,2,2
115,2017,2,2
116,2017,2,2
117,2017,2,0
118,2017,2,0
119,2017,2,2
120,2017,2,2
121,2017,2,2
122,2017,2,2
123,2017,2,2
124,2017,2,0
125,2017,2,0
126,2017,2,0
127,2017,2,0
128,2017,2,0
129,2017,2,0
130,2017,2,0
131,2017,2,0
132,2017,2,2
133,2017,2,2
134,2017,2,1
135,2017,2,1
136,2017,2,1
137,2017,2,1
138,2017,2,1
139,2017,2,1
140,2017,2,1
141,2017,2,1
142,2017,2,2
143,2017,2,0
144,2017,2,0
145,2017,2,0
146,2017,2,1
147,2017,2,1
148,2017,2,0
149,2017,2,0
150,2017,2,1
151,2017,2,0
152,2017,2,0
153,2017,2,0
154,2017,2,2
155,2017,2,2
156,2017,2,0
157,2017,2,2
158,2017,2,2
159,2017,2,2
160,2017,2,1
161,2017,2,1
162,2017,2,2
163,2017,2,1
164,2017,2,2
165,2017,2,2
166,2017,2,0
167,2017,2,0
168,2017,2,0
169,2017,2,0
170,2017,2,0
171,2017,2,0
172,2017,2,0
173,2017,2,0
174,2017,2,0
175,2017,2,0
176,2017,2,0
177,2017,2,0
178,2017,2,0
179,2017,2,0
180,2017,2,0
181,2017,2,0
182,2017,2,0
183,2017,2,0
184,2017,2,0
185,2017,2,0
186,2017,2,0
187,2017,2,0
188,2017,2,0
189,2017,2,2
190,2017,2,2
191,2017,2,0
192,2017,2,0
193,2017,2,0
194,2017,2,0
195,2017,2,2
196,2017,2,2
197,2017,2,2
198,2017,2,2
199,2017,2,2
200,2017,2,0
201,2017,2,0
202,2017,2,0
203,2017,2,0
204,2017,2,0
205,2017,2,0
206,2017,2,0
207,2017,2,0
208,2017,2,0
209,2017,2,0
210,2017,2,0
211,2017,2,0
212,2017,2,0
213,2017,2,0
214,2017,2,0
215,2017,2,0
216,2017,2,0
217,2017,2,0
218,2017,2,0
219,2017,2,0
220,2017,2,0
221,2017,2,0
222,2017,2,0
223,2017,2,0
224,2017,2,0
225,2017,2,0
226,2017,2,0
227,2017,2,0
228,2017,2,1
229,2017,2,0
230,2017,2,0
231,2017,2,0
232,2017,2,0
233,2017,2,0
234,2017,2,0
235,2017,2,0
236,2017,2,0
237,2017,2,0
238,2017,2,0
239,2017,2,0
240,2017,2,0
241,2017,2,0
242,2017,2,0
243,2017,2,0
244,2017,2,0
245,2017,2,0
246,2017,2,0
247,2017,2,0
248,2017,2,0
249,2017,2,2
250,2017,2,0
251,2017,2,0
252,2017,2,0
253,2017,2,0
254,2017,2,0
255,2017,2,0
256,2017,2,0
257,2017,2,0
258,2017,2,0
259,2017,2,0
260,2017,2,0
261,2017,2,0
262,2017,2,0
263,2017,2,0
264,2017,2,0
265,2017,2,2
266,2017,2,0
267,2017,2,0
268,2017,2,0
269,2017,2,0
270,2017,2,0
271,2017,2,0
272,2017,2,1
273,2017,2,0
274,2017,2,0
275,2017,2,0
276,2017,2,1
277,2017,2,1
278,2017,2,0
279,2017,2,0
280,2017,2,0
281,2017,2,0
282,2017,2,0
283,2017,2,0
284,2017,2,0
285,2017,2,0
286,2017,2,0
287,2017,2,0
288,2017,2,0
289,2017,2,0
290,2017,2,0
291,2017,2,0
292,2017,2,0
293,2017,2,2
294,2017,2,1
295,2017,2,0
296,2017,2,0
297,2017,2,0
298,2017,2,0
299,2017,2,0
300,2017,2,0
301,2017,2,0
302,2017,2,0
303,2017,2,0
304,2017,2,0
305,2017,2,0
306,2017,2,2
307,2017,2,0
308,2017,2,0
309,2017,2,0
310,2017,2,2
311,2017,2,0
312,2017,2,0
313,2017,2,0
314,2017,2,0
315,2017,2,0
316,2017,2,0
317,2017,2,0
318,2017,2,2
319,2017,2,0
320,2017,2,0
321,2017,2,1
322,2017,2,0
323,2017,2,1
324,2017,2,2
325,2017,2,2
326,2017,2,0
327,2017,2,0
328,2017,2,0
329,2017,2,0
330,2017,2,0
331,2017,2,0
332,2017,2,0
333,2017,2,0
334,2017,2,0
335,2017,2,0
336,2017,2,0
337,2017,2,0
338,2017,2,0
339,2017,2,0
340,2017,2,0
341,2017,2,2
342,2017,2,2
343,2017,2,2
344,2017,2,2
345,2017,2,0
346,2017,2,2
347,2017,2,2
348,2017,2,1
349,2017,2,1
350,2017,2,2
351,2017,2,2
352,2017,2,2
353,2017,2,2
354,2017,2,2
355,2017,2,0
356,2017,2,0
357,2017,2,2
358,2017,2,2
359,2017,2,0
360,2017,2,0
361,2017,2,0
362,2017,2,0
363,2017,2,0
364,2017,2,0
365,2017,2,0
366,2017,2,0
367,2017,2,0
368,2017,2,0
369,2017,2,0
370,2017,2,0
371,2017,2,0
372,2017,2,2
373,2017,2,1
374,2017,2,1
375,2017,2,2
376,2017,2,2
377,2017,2,2
378,2017,2,2
379,2017,2,2
380,2017,2,2
381,2017,2,2
382,2017,2,1
383,2017,2,1
384,2017,2,1
385,2017,2,0
386,2017,2,0
387,2017,2,0
388,2017,2,1
389,2017,2,0
390,2017,2,0
391,2017,2,0
392,2017,2,0
393,2017,2,0
394,2017,2,0
395,2017,2,0
396,2017,2,1
397,2017,2,1
398,2017,2,1
399,2017,2,1
400,2017,2,0
401,2017,2,1
402,2017,2,0
403,2017,2,1
404,2017,2,0
405,2017,2,1
406,2017,2,1
407,2017,2,1
408,2017,2,1
409,2017,2,0
410,2017,2,1
411,2017,2,0
412,2017,2,1
413,2017,2,1
414,2017,2,1
415,2017,2,0
416,2017,2,0
417,2017,2,1
418,2017,2,0
419,2017,2,0
420,2017,2,1
421,2017,2,1
422,2017,2,1
423,2017,2,0
424,2017,2,0
425,2017,2,0
426,2017,2,1
427,2017,2,1
428,2017,2,1
429,2017,2,1
430,2017,2,1
431,2017,2,1
432,2017,2,1
433,2017,2,0
434,2017,2,2
435,2017,2,1
436,2017,2,1
437,2017,2,0
438,2017,2,1
439,2017,2,1
440,2017,2,0
441,2017,2,1
442,2017,2,1
443,2017,2,0
444,2017,2,0
445,2017,2,2
446,2017,2,2
447,2017,2,2
448,2017,2,2
449,2017,2,0
450,2017,2,0
451,2017,2,0
452,2017,2,0
453,2017,2,0
454,2017,2,0
455,2017,2,2
456,2017,2,0
457,2017,2,0
458,2017,2,0
459,2017,2,0
460,2017,2,0
461,2017,2,0
462,2017,2,0
463,2017,2,0
464,2017,2,0
465,2017,2,0
466,2017,2,0
467,2017,2,0
468,2017,2,0
469,2017,2,0
470,2017,2,2
471,2017,2,2
472,2017,2,0
473,2017,2,0
474,2017,2,0
475,2017,2,0
476,2017,2,0
477,2017,2,0
478,2017,2,0
479,2017,2,2
480,2017,2,0
481,2017,2,0
482,2017,2,0
483,2017,2,0
484,2017,2,0
485,2017,2,2
486,2017,2,0
487,2017,2,2
488,2017,2,2
489,2017,2,2
490,2017,2,2
491,2017,2,0
492,2017,2,0
493,2017,2,0
494,2017,2,0
495,2017,2,0
496,2017,2,0
497,2017,2,0
498,2017,2,0
499,2017,2,0
500,2017,2,0
501,2017,2,0
502,2017,2,0
503,2017,2,0
504,2017,2,0
505,2017,2,0
506,2017,2,0
507,2017,2,0
508,2017,2,0
509,2017,2,0
510,2017,2,0
511,2017,2,0
512,2017,2,2
513,2017,2,0
514,2017,2,0
515,2017,2,2
516,2017,2,0
517,2017,2,1
518,2017,2,0
519,2017,2,2
520,2017,2,2
521,2017,2,2
522,2017,2,2
523,2017,2,1
524,2017,2,0
525,2017,2,0
526,2017,2,0
527,2017,2,0
528,2017,2,0
529,2017,2,0
530,2017,2,0
531,2017,2,0
532,2017,2,0
533,2017,2,0
534,2017,2,0
535,2017,2,0
536,2017,2,0
537,2017,2,0
538,2017,2,0
539,2017,2,0
540,2017,2,0
541,2017,2,0
542,2017,2,0
543,2017,2,0
544,2017,2,0
545,2017,2,0
546,2017,2,1
547,2017,2,0
548,2017,2,0
549,2017,2,0
550,2017,2,1
551,2017,2,1
552,2017,2,0
553,2017,2,0
554,2017,2,0
555,2017,2,0
556,2017,2,0
557,2017,2,0
558,2017,2,0
559,2017,2,0
560,2017,2,0
561,2017,2,0
562,2017,2,0
563,2017,2,0
564,2017,2,0
565,2017,2,0
566,2017,2,0
567,2017,2,0
568,2017,2,1
569,2017,2,0
570,2017,2,0
571,2017,2,0
572,2017,2,0
573,2017,2,0
574,2017,2,0
575,2017,2,0
576,2017,2,0
577,2017,2,0
578,2017,2,0
579,2017,2,0
580,2017,2,0
581,2017,2,0
582,2017,2,0
583,2017,2,0
584,2017,2,0
585,2017,2,0
586,2017,2,0
587,2017,2,0
588,2017,2,0
589,2017,2,0
590,2017,2,1
591,2017,2,1
592,2017,2,1
593,2017,2,1
594,2017,2,0
595,2017,2,0
596,2017,2,1
597,2017,2,1
598,2017,2,1
599,2017,2,1
600,2017,2,1
601,2017,2,1
602,2017,2,1
603,2017,2,0
604,2017,2,0
605,2017,2,1
606,2017,2,0
607,2017,2,1
608,2017,2,1
609,2017,2,0
610,2017,2,1
611,2017,2,0
612,2017,2,0
613,2017,2,0
614,2017,2,0
615,2017,2,0
616,2017,2,0
617,2017,2,0
618,2017,2,0
619,2017,2,0
620,2017,2,0
621,2017,2,0
622,2017,2,0
623,2017,2,0
624,2017,2,0
625,2017,2,0
626,2017,2,0
627,2017,2,1
628,2017,2,0
629,2017,2,0
630,2017,2,0
631,2017,2,0
632,2017,2,0
633,2017,2,0
634,2017,2,0
635,2017,2,0
636,2017,2,0
637,2017,2,0
638,2017,2,0
639,2017,2,0
640,2017,2,0
641,2017,2,0
642,2017,2,1
643,2017,2,0
644,2017,2,0
645,2017,2,0
646,2017,2,0
647,2017,2,0
648,2017,2,0
649,2017,2,0
650,2017,2,1
651,2017,2,0
652,2017,2,0
653,2017,2,0
654,2017,2,0
655,2017,2,0
656,2017,2,0
657,2017,2,1
658,2017,2,0
659,2017,2,0
660,2017,2,1
661,2017,2,0
662,2017,2,1
663,2017,2,1
664,2017,2,0
665,2017,2,0
666,2017,2,0
667,2017,2,0
668,2017,2,0
669,2017,2,0
670,2017,2,0
671,2017,2,0
672,2017,2,0
673,2017,2,0
674,2017,2,0
675,2017,2,0
676,2017,2,0
677,2017,2,0
678,2017,2,0
679,2017,2,0
680,2017,2,0
681,2017,2,0
682,2017,2,0
683,2017,2,0
684,2017,2,0
685,2017,2,0
686,2017,2,0
687,2017,2,0
688,2017,2,0
689,2017,2,0
690,2017,2,0
691,2017,2,0
692,2017,2,0
693,2017,2,0
694,2017,2,0
695,2017,2,0
696,2017,2,0
697,2017,2,0
698,2017,2,0
699,2017,2,0
700,2017,2,0
701,2017,2,0
702,2017,2,0
703,2017,2,0
704,2017,2,0
705,2017,2,0
706,2017,2,0
707,2017,2,0
708,2017,2,0
709,2017,2,0
710,2017,2,0
711,2017,2,0
712,2017,2,0
713,2017,2,0
714,2017,2,0
715,2017,2,0
716,2017,2,0
717,2017,2,0
718,2017,2,0
719,2017,2,0
720,2017,2,0
721,2017,2,0
722,2017,2,0
723,2017,2,0
724,2017,2,0
725,2017,2,0
726,2017,2,0
727,2017,2,0
728,2017,2,0
729,2017,2,0
730,2017,2,0
731,2017,2,0
732,2017,2,0
733,2017,2,0
734,2017,2,0
735,2017,2,0
736,2017,2,0
737,2017,2,0
738,2017,2,0
739,2017,2,0
740,2017,2,0
741,2017,2,0
742,2017,2,0
743,2017,2,0
744,2017,2,0
745,2017,2,0
746,2017,2,0
747,2017,2,0
748,2017,2,0
749,2017,2,0
750,2017,2,0
751,2017,2,0
752,2017,2,0
753,2017,2,0
754,2017,2,0
755,2017,2,0
756,2017,2,0
757,2017,2,0
758,2017,2,0
759,2017,2,0
760,2017,2,0
761,2017,2,0
762,2017,2,0
763,2017,2,0
764,2017,2,0
765,2017,2,0
766,2017,2,0
767,2017,2,0
768,2017,2,0
769,2017,2,0
770,2017,2,0
771,2017,2,0
772,2017,2,0
773,2017,2,0
774,2017,2,0
775,2017,2,0
776,2017,2,0
777,2017,2,0
778,2017,2,0
779,2017,2,0
780,2017,2,0
781,2017,2,0
782,2017,2,0
783,2017,2,0
784,2017,2,0
785,2017,2,0
786,2017,2,0
787,2017,2,0
788,2017,2,2
789,2017,2,0
790,2017,2,0
791,2017,2,0
792,2017,2,0
793,2017,2,2
794,2017,2,2
795,2017,2,0
796,2017,2,0
797,2017,2,0
798,2017,2,0
799,2017,2,0
800,2017,2,0
801,2017,2,0
802,2017,2,0
803,2017,2,0
804,2017,2,0
805,2017,2,0
806,2017,2,0
807,2017,2,2
808,2017,2,2
809,2017,2,2
810,2017,2,0
811,2017,2,0
812,2017,2,0
813,2017,2,0
814,2017,2,0
815,2017,2,0
816,2017,2,0
817,2017,2,0
818,2017,2,0
819,2017,2,0
820,2017,2,0
821,2017,2,0
822,2017,2,0
823,2017,2,0
824,2017,2,0
825,2017,2,0
826,2017,2,0
827,2017,2,0
828,2017,2,0
829,2017,2,0
830,2017,2,0
831,2017,2,0
832,2017,2,0
833,2017,2,0
834,2017,2,0
835,2017,2,0
836,2017,2,0
837,2017,2,0
838,2017,2,0
839,2017,2,0
840,2017,2,0
841,2017,2,0
842,2017,2,0
843,2017,2,0
844,2017,2,0
845,2017,2,0
846,2017,2,0
847,2017,2,0
848,2017,2,0
849,2017,2,2
850,2017,2,0
851,2017,2,0
852,2017,2,0
853,2017,2,0
854,2017,2,0
855,2017,2,0
856,2017,2,0
857,2017,2,0
858,2017,2,0
859,2017,2,0
860,2017,2,0
861,2017,2,0
862,2017,2,0
863,2017,2,0
864,2017,2,0
865,2017,2,2
866,2017,2,0
867,2017,2,2
868,2017,2,0
869,2017,2,2
870,2017,2,2
871,2017,2,0
872,2017,2,2
873,2017,2,2
874,2017,2,2
875,2017,2,0
876,2017,2,2
877,2017,2,2
878,2017,2,0
879,2017,2,0
880,2017,2,0
881,2017,2,0
882,2017,2,0
883,2017,2,0
884,2017,2,0
885,2017,2,0
886,2017,2,0
887,2017,2,0
888,2017,2,0
889,2017,2,0
890,2017,2,0
891,2017,2,0
892,2017,2,0
893,2017,2,2
894,2017,2,0
895,2017,2,0
896,2017,2,0
897,2017,2,0
898,2017,2,2
899,2017,2,2
900,2017,2,0
901,2017,2,0
902,2017,2,0
903,2017,2,0
904,2017,2,0
905,2017,2,0
906,2017,2,0
907,2017,2,0
908,2017,2,0
909,2017,2,0
910,2017,2,0
911,2017,2,0
912,2017,2,0
913,2017,2,0
914,2017,2,0
915,2017,2,0
916,2017,2,0
917,2017,2,0
918,2017,2,0
919,2017,2,0
920,2017,2,0
921,2017,2,0
922,2017,2,0
923,2017,2,0
924,2017,2,0
925,2017,2,2
926,2017,2,2
927,2017,2,0
928,2017,2,2
929,2017,2,0
930,2017,2,0
931,2017,2,0
932,2017,2,0
933,2017,2,0
934,2017,2,0
935,2017,2,0
936,2017,2,0
937,2017,2,0
938,2017,2,0
939,2017,2,0
940,2017,2,0
941,2017,2,0
942,2017,2,0
943,2017,2,0
944,2017,2,0
945,2017,2,0
946,2017,2,2
947,2017,2,2
948,2017,2,0
949,2017,2,0
950,2017,2,0
951,2017,2,0
952,2017,2,0
953,2017,2,0
954,2017,2,0
955,2017,2,0
956,2017,2,0
957,2017,2,0
958,2017,2,0
959,2017,2,0
960,2017,2,0
961,2017,2,0
962,2017,2,0
963,2017,2,0
964,2017,2,0
965,2017,2,0
966,2017,2,0
967,2017,2,0
968,2017,2,0
969,2017,2,0
970,2017,2,0
971,2017,2,0
972,2017,2,0
973,2017,2,0
974,2017,2,0
975,2017,2,0
976,2017,2,0
977,2017,2,0
978,2017,2,0
979,2017,2,0
980,2017,2,0
981,2017,2,2
982,2017,2,0
983,2017,2,0
984,2017,2,0
985,2017,2,0
986,2017,2,2
987,2017,2,2
988,2017,2,0
989,2017,2,0
990,2017,2,0
991,2017,2,0
992,2017,2,0
993,2017,2,0
994,2017,2,0
995,2017,2,0
996,2017,2,0
997,2017,2,0
998,2017,2,0
999,2017,2,0
1000,2017,2,0
1001,2017,2,0
1002,2017,2,0
1003,2017,2,0
1004,2017,2,0
1005,2017,2,0
1006,2017,2,0
1007,2017,2,0
1008,2017,2,0
1009,2017,2,0
1010,2017,2,0
1011,2017,2,0
1012,2017,2,0
1013,2017,2,0
1014,2017,2,0
1015,2017,2,0
1016,2017,2,2
1017,2017,2,2
1018,2017,2,0
1019,2017,2,2
1020,2017,2,0
1021,2017,2,0
1022,2017,2,0
1023,2017,2,0
1024,2017,2,0
1025,2017,2,0
1026,2017,2,0
1027,2017,2,0
1028,2017,2,0
1029,2017,2,0
1030,2017,2,0
1031,2017,2,0
1032,2017,2,0
1033,2017,2,0
1034,2017,2,0
1035,2017,2,0
1036,2017,2,0
1037,2017,2,0
1038,2017,2,0
1039,2017,2,0
1040,2017,2,0
1041,2017,2,0
1042,2017,2,0
1043,2017,2,0
1044,2017,2,0
1045,2017,2,0
1046,2017,2,0
1047,2017,2,0
1048,2017,2,0
1049,2017,2,0
1050,2017,2,0
1051,2017,2,0
1052,2017,2,0
1053,2017,2,0
1054,2017,2,0
1055,2017,2,0
1056,2017,2,0
1057,2017,2,0
1058,2017,2,0
1059,2017,2,0
1060,2017,2,0
1061,2017,2,2
1062,2017,2,2
1063,2017,2,2
1064,2017,2,0
1065,2017,2,0
1066,2017,2,0
1067,2017,2,0
1068,2017,2,0
1069,2017,2,0
1070,2017,2,0
1071,2017,2,0
1072,2017,2,0
1073,2017,2,0
1074,2017,2,0
1075,2017,2,0
1076,2017,2,0
1077,2017,2,0
1078,2017,2,0
1079,2017,2,0
1080,2017,2,0
1081,2017,2,0
1082,2017,2,0
1083,2017,2,0
1084,2017,2,0
1085,2017,2,0
1086,2017,2,0
1087,2017,2,0
1088,2017,2,0
1089,2017,2,0
1090,2017,2,0
1091,2017,2,0
1092,2017,2,0
1093,2017,2,0
1094,2017,2,0
1095,2017,2,0
1096,2017,2,0
1097,2017,2,0
1098,2017,2,0
1099,2017,2,0
1100,2017,2,0
1101,2017,2,0
1102,2017,2,0
1103,2017,2,0
1104,2017,2,0
1105,2017,2,0
1106,2017,2,0
1107,2017,2,0
1108,2017,2,0
1109,2017,2,0
1110,2017,2,1
1111,2017,2,1
1112,2017,2,0
1113,2017,2,0
1114,2017,2,0
1115,2017,2,0
1116,2017,2,0
1117,2017,2,0
1118,2017,2,0
1119,2017,2,1
1120,2017,2,1
1121,2017,2,1
1122,2017,2,1
1123,2017,2,0
1124,2017,2,0
1125,2017,2,0
1126,2017,2,0
1127,2017,2,0
1128,2017,2,0
1129,2017,2,0
1130,2017,2,0
1131,2017,2,0
1132,2017,2,0
1133,2017,2,0
1134,2017,2,0
1135,2017,2,0
1136,2017,2,0
1137,2017,2,0
1138,2017,2,0
1139,2017,2,0
1140,2017,2,0
1141,2017,2,0
1142,2017,2,0
1143,2017,2,0
1144,2017,2,0
1145,2017,2,0
1146,2017,2,0
1147,2017,2,0
1148,2017,2,0
1149,2017,2,1
1150,2017,2,0
1151,2017,2,2
1152,2017,2,0
1153,2017,2,0
1154,2017,2,0
1155,2017,2,1
1156,2017,2,0
1157,2017,2,1
1158,2017,2,1
1159,2017,2,0
1160,2017,2,0
1161,2017,2,0
1162,2017,2,0
1163,2017,2,0
1164,2017,2,0
1165,2017,2,0
1166,2017,2,0
1167,2017,2,0
1168,2017,2,2
1169,2017,2,1
1170,2017,2,2
1171,2017,2,0
1172,2017,2,2
1173,2017,2,2
1174,2017,2,0
1175,2017,2,0
1176,2017,2,0
1177,2017,2,0
1178,2017,2,0
1179,2017,2,0
1180,2017,2,0
1181,2017,2,1
1182,2017,2,0
1183,2017,2,0
1184,2017,2,0
1185,2017,2,0
1186,2017,2,2
1187,2017,2,0
1188,2017,2,0
1189,2017,2,0
1190,2017,2,0
1191,2017,2,2
1192,2017,2,1
1193,2017,2,2
1194,2017,2,2
1195,2017,2,1
1196,2017,2,1
1197,2017,2,0
1198,2017,2,0
1199,2017,2,0
1200,2017,2,0
1201,2017,2,0
1202,2017,2,0
1203,2017,2,2
1204,2017,2,0
1205,2017,2,0
1206,2017,2,0
1207,2017,2,0
1208,2017,2,0
1209,2017,2,0
1210,2017,2,0
1211,2017,2,0
1212,2017,2,0
1213,2017,2,0
1214,2015,0,0
1215,2015,0,0
1216,2015,0,0
1217,2015,0,0
1218,2015,0,0
1219,2015,0,0
1220,2015,0,0
1221,2015,0,0
1222,2015,0,0
1223,2015,0,0
1224,2015,0,0
1225,2015,0,0
1226,2015,0,0
1227,2015,0,0
1228,2015,0,0
1229,2015,0,0
1230,2015,0,0
1231,2015,0,0
1232,2015,0,0
1233,2015,0,0
1234,2015,0,0
1235,2015,0,0
1236,2015,0,0
1237,2015,0,0
1238,2015,0,0
1239,2015,0,0
1240,2015,0,0
1241,2015,0,0
1242,2015,0,0
1243,2015,0,0
1244,2015,0,0
1245,2015,0,0
1246,2015,0,0
1247,2015,0,0
1248,2015,0,0
1249,2015,0,0
1250,2015,0,0
1251,2015,0,0
1252,2015,0,0
1253,2015,0,0
1254,2015,0,0
1255,2015,0,0
1256,2015,0,0
1257,2015,0,0
1258,2015,0,0
1259,2015,0,0
1260,2015,0,0
1261,2015,0,0
1262,2015,0,0
1263,2015,0,0
1264,2015,0,0
1265,2015,0,0
1266,2015,0,0
1267,2015,0,0
1268,2015,0,0
1269,2015,0,0
1270,2015,0,0
1271,2015,0,0
1272,2015,0,0
1273,2015,0,0
1274,2015,0,0
1275,2015,0,0
1276,2015,0,0
1277,2015,0,0
1278,2015,0,0
1279,2015,0,0
1280,2015,0,0
1281,2015,0,0
1282,2015,0,0
1283,2015,0,0
1284,2015,0,0
1285,2015,0,0
1286,2015,0,0
1287,2015,0,0
1288,2015,0,0
1289,2015,0,0
1290,2015,0,0
1291,2015,0,0
1292,2015,0,0
1293,2015,0,0
1294,2015,0,0
1295,2015,0,0
1296,2015,0,0
1297,2015,0,0
1298,2015,0,0
1299,2015,0,0
1300,2015,0,0
1301,2015,0,0
1302,2015,0,0
1303,2015,0,0
1304,2015,0,0
1305,2015,0,0
1306,2015,0,0
1307,2015,0,0
1308,2015,0,0
1309,2015,0,0
1310,2015,0,0
1311,2015,0,0
1312,2015,0,0
1313,2015,0,0
1314,2015,0,0
1315,2015,0,0
1316,2015,0,0
1317,2015,0,0
1318,2015,0,0
1319,2015,0,0
1320,2015,0,0
1321,2015,0,0
1322,2015,0,0
1323,2015,0,0
1324,2015,0,0
1325,2015,0,0
1326,2015,0,0
1327,2015,0,0
1328,2015,0,0
1329,2015,0,0
1330,2015,0,0
1331,2015,0,0
1332,2015,0,0
1333,2015,0,0
1334,2015,0,0
1335,2015,0,0
1336,2015,0,0
1337,2015,0,0
1338,2015,0,0
1339,2015,0,0
1340,2015,0,0
1341,2015,0,0
1342,2015,0,0
1343,2015,0,0
1344,2015,0,0
1345,2015,0,0
1346,2015,0,0
1347,2015,0,0
1348,2015,0,0
1349,2015,0,0
1350,2015,0,0
1351,2015,0,0
1352,2015,0,0
1353,2015,0,0
1354,2015,0,0
1355,2015,0,0
1356,2015,0,0
1357,2015,0,0
1358,2015,0,0
1359,2015,0,0
1360,2015,0,0
1361,2015,0,0
1362,2015,0,0
1363,2015,0,0
1364,2015,0,0
1365,2015,0,0
1366,2015,0,0
1367,2015,0,0
1368,2015,0,0
1369,2015,0,0
1370,2015,0,0
1371,2015,0,0
1372,2015,0,0
1373,2015,0,0
1374,2015,0,0
1375,2015,0,0
1376,2015,0,0
1377,2015,0,0
1378,2015,0,0
1379,2015,0,0
1380,2015,0,0
1381,2015,0,0
1382,2015,0,0
1383,2015,0,0
1384,2015,0,0
1385,2015,0,0
1386,2015,0,0
1387,2015,0,0
1388,2015,0,0
1389,2015,0,0
1390,2015,0,0
1391,2015,0,0
1392,2015,0,0
1393,2015,0,0
1394,2015,0,0
1395,2015,0,0
1396,2015,0,0
1397,2015,0,0
1398,2015,0,0
1399,2015,0,0
1400,2015,0,0
1401,2015,0,0
1402,2015,0,0
1403,2015,0,0
1404,2015,0,0
1405,2015,0,0
1406,2015,0,2
1407,2015,0,0
1408,2015,0,0
1409,2015,0,0
1410,2015,0,2
1411,2015,0,2
1412,2015,0,0
1413,2015,0,2
1414,2015,0,0
1415,2015,0,2
1416,2015,0,2
1417,2015,0,0
1418,2015,0,0
1419,2015,0,0
1420,2015,0,0
1421,2015,0,0
1422,2015,0,0
1423,2015,0,0
1424,2015,0,0
1425,2015,0,0
1426,2015,0,0
1427,2015,0,0
1428,2015,0,0
1429,2015,0,0
1430,2015,0,0
1431,2015,0,0
1432,2015,0,0
1433,2015,0,0
1434,2015,0,0
1435,2015,0,0
1436,2015,0,0
1437,2015,0,0
1438,2015,0,0
1439,2015,0,0
1440,2015,0,0
1441,2015,0,0
1442,2015,0,0
1443,2015,0,0
1444,2015,0,0
1445,2015,0,0
1446,2015,0,0
1447,2015,0,0
1448,2015,0,0
1449,2015,0,0
1450,2015,0,0
1451,2015,0,0
1452,2015,0,0
1453,2015,0,0
1454,2015,0,0
1455,2015,0,0
1456,2015,0,0
1457,2015,0,0
1458,2015,0,0
1459,2015,0,0
1460,2015,0,0
1461,2015,0,0
1462,2015,0,0
1463,2015,0,0
1464,2015,0,0
1465,2015,0,0
1466,2015,0,0
1467,2015,0,0
1468,2015,0,0
1469,2015,0,0
1470,2015,0,0
1471,2015,0,0
1472,2015,0,0
1473,2015,0,0
1474,2015,0,0
1475,2015,0,0
1476,2015,0,0
1477,2015,0,0
1478,2015,0,0
1479,2015,0,0
1480,2015,0,0
1481,2015,0,0
1482,2015,0,0
1483,2015,0,0
1484,2015,0,0
1485,2015,0,0
1486,2015,0,0
1487,2015,0,0
1488,2015,0,0
1489,2015,0,0
1490,2015,0,0
1491,2015,0,0
1492,2015,0,0
1493,2015,0,0
1494,2015,0,0
1495,2015,0,0
1496,2015,0,0
1497,2015,0,0
1498,2015,0,0
1499,2015,0,0
1500,2015,0,0
1501,2015,0,0
1502,2015,0,0
1503,2015,0,0
1504,2015,0,0
1505,2015,0,0
1506,2015,0,0
1507,2015,0,0
1508,2015,0,0
1509,2015,0,0
1510,2015,0,0
1511,2015,0,0
1512,2015,0,0
1513,2015,0,0
1514,2015,0,0
1515,2015,0,0
1516,2015,0,0
1517,2015,0,0
1518,2015,0,0
1519,2015,0,0
1520,2015,0,0
1521,2015,0,0
1522,2015,0,0
1523,2015,0,0
1524,2015,0,0
1525,2015,0,0
1526,2015,0,0
1527,2015,0,0
1528,2015,0,0
1529,2015,0,0
1530,2015,0,0
1531,2015,0,0
1532,2015,0,0
1533,2015,0,0
1534,2015,0,0
1535,2015,0,0
1536,2015,0,0
1537,2015,0,0
1538,2015,0,0
1539,2015,0,0
1540,2015,0,0
1541,2015,0,0
1542,2015,0,0
1543,2015,0,0
1544,2015,0,0
1545,2015,0,0
1546,2015,0,0
1547,2015,0,0
1548,2015,0,0
1549,2015,0,0
1550,2015,0,0
1551,2015,0,0
1552,2015,0,0
1553,2015,0,0
1554,2015,0,0
1555,2015,0,0
1556,2015,0,0
1557,2015,0,0
1558,2015,0,0
1559,2015,0,0
1560,2015,0,0
1561,2015,0,0
1562,2015,0,0
1563,2015,0,0
1564,2015,0,0
1565,2015,0,0
1566,2015,0,0
1567,2015,0,0
1568,2015,0,0
1569,2015,0,0
1570,2015,0,0
1571,2015,0,0
1572,2015,0,0
1573,2015,0,0
1574,2015,0,0
1575,2015,0,0
1576,2015,0,0
1577,2015,0,0
1578,2015,0,0
1579,2015,0,0
1580,2015,0,0
1581,2015,0,0
1582,2015,0,0
1583,2015,0,0
1584,2015,0,0
1585,2015,0,0
1586,2015,0,0
1587,2015,0,0
1588,2015,0,0
1589,2015,0,0
1590,2015,0,0
1591,2015,0,0
1592,2015,0,0
1593,2015,0,0
1594,2015,0,0
1595,2015,0,0
1596,2015,0,0
1597,2015,0,0
1598,2015,0,0
1599,2015,0,0
1600,2015,0,0
1601,2015,0,0
1602,2015,0,0
1603,2015,0,0
1604,2015,0,0
1605,2015,0,0
1606,2015,0,0
1607,2015,0,0
1608,2015,0,0
1609,2015,0,0
1610,2015,0,0
1611,2015,0,0
1612,2015,0,0
1613,2015,0,0
1614,2015,0,0
1615,2015,0,0
1616,2015,0,0
1617,2015,0,0
1618,2015,0,0
1619,2015,0,0
1620,2015,0,0
1621,2015,0,0
1622,2015,0,0
1623,2015,0,0
1624,2015,0,0
1625,2015,0,0
1626,2015,0,0
1627,2015,0,0
1628,2015,0,0
1629,2015,0,0
1630,2015,0,0
1631,2015,0,0
1632,2015,0,0
1633,2015,0,0
1634,2015,0,0
1635,2015,0,0
1636,2015,0,0
1637,2015,0,0
1638,2015,0,0
1639,2015,0,0
1640,2015,0,0
1641,2015,0,0
1642,2015,0,0
1643,2015,0,0
1644,2015,0,0
1645,2015,0,0
1646,2015,0,0
1647,2015,0,0
1648,2015,0,0
1649,2015,0,0
1650,2015,0,0
1651,2015,0,0
1652,2015,0,0
1653,2015,0,0
1654,2015,0,0
1655,2015,0,0
1656,2015,0,0
1657,2015,0,0
1658,2015,0,0
1659,2015,0,0
1660,2015,0,0
1661,2015,0,0
1662,2015,0,0
1663,2015,0,0
1664,2015,0,0
1665,2015,0,0
1666,2015,0,0
1667,2015,0,0
1668,2015,0,0
1669,2015,0,0
1670,2015,0,0
1671,2015,0,0
1672,2015,0,0
1673,2015,0,0
1674,2015,0,0
1675,2015,0,0
1676,2015,0,0
1677,2015,0,0
1678,2015,0,0
1679,2015,0,0
1680,2015,0,0
1681,2015,0,0
1682,2015,0,0
1683,2015,0,0
1684,2015,0,0
1685,2015,0,0
1686,2015,0,0
1687,2015,0,0
1688,2015,0,0
1689,2015,0,0
1690,2015,0,0
1691,2015,0,0
1692,2015,0,0
1693,2015,0,0
1694,2015,0,0
1695,2015,0,0
1696,2015,0,0
1697,2015,0,0
1698,2015,0,0
1699,2015,0,0
1700,2015,0,0
1701,2015,0,0
1702,2015,0,2
1703,2015,0,0
1704,2015,0,0
1705,2015,0,0
1706,2015,0,0
1707,2015,0,0
1708,2015,0,0
1709,2015,0,0
1710,2015,0,0
1711,2015,0,0
1712,2015,0,0
1713,2015,0,0
1714,2015,0,0
1715,2015,0,0
1716,2015,0,0
1717,2015,0,0
1718,2015,0,0
1719,2015,0,0
1720,2015,0,0
1721,2015,0,0
1722,2015,0,0
1723,2015,0,0
1724,2015,0,0
1725,2015,0,0
1726,2015,0,0
1727,2015,0,0
1728,2015,0,0
1729,2015,0,0
1730,2015,0,0
1731,2015,0,0
1732,2015,0,0
1733,2015,0,0
1734,2015,0,0
1735,2015,0,0
1736,2015,0,0
1737,2015,0,0
1738,2015,0,0
1739,2015,0,0
1740,2015,0,0
1741,2015,0,0
1742,2015,0,0
1743,2015,0,0
1744,2015,0,0
1745,2015,0,0
1746,2015,0,0
1747,2015,0,0
1748,2015,0,0
1749,2015,0,0
1750,2015,0,0
1751,2015,0,0
1752,2015,0,0
1753,2015,0,0
1754,2015,0,0
1755,2015,0,0
1756,2015,0,0
1757,2015,0,0
1758,2015,0,0
1759,2015,0,0
1760,2015,0,0
1761,2015,0,0
1762,2015,0,0
1763,2015,0,0
1764,2015,0,0
1765,2015,0,0
1766,2015,0,0
1767,2015,0,0
1768,2015,0,0
1769,2015,0,0
1770,2015,0,0
1771,2015,0,0
1772,2015,0,0
1773,2015,0,0
1774,2015,0,0
1775,2015,0,0
1776,2015,0,0
1777,2015,0,0
1778,2015,0,0
1779,2015,0,0
1780,2015,0,0
1781,2015,0,0
1782,2015,0,0
1783,2015,0,0
1784,2015,0,0
1785,2015,0,0
1786,2015,0,0
1787,2015,0,0
1788,2015,0,0
1789,2015,0,0
1790,2015,0,0
1791,2015,0,0
1792,2015,0,0
1793,2015,0,0
1794,2015,0,0
1795,2015,0,0
1796,2015,0,0
1797,2015,0,0
1798,2015,0,0
1799,2015,0,0
1800,2015,0,0
1801,2015,0,0
1802,2015,0,0
1803,2015,0,0
1804,2015,0,0
1805,2015,0,0
1806,2015,0,0
1807,2015,0,0
1808,2015,0,0
1809,2015,0,0
1810,2015,0,0
1811,2015,0,0
1812,2015,0,0
1813,2015,0,0
1814,2015,0,0
1815,2015,0,0
1816,2015,0,0
1817,2015,0,0
1818,2015,0,0
1819,2015,0,0
1820,2015,0,0
1821,2015,0,0
1822,2015,0,0
1823,2015,0,0
1824,2015,0,0
1825,2015,0,0
1826,2015,0,0
1827,2015,0,0
1828,2015,0,2
1829,2015,0,0
1830,2015,0,0
1831,2015,0,0
1832,2015,0,0
1833,2015,0,0
1834,2015,0,0
1835,2015,0,0
1836,2015,0,0
1837,2015,0,0
1838,2015,0,0
1839,2015,0,0
1840,2015,0,0
1841,2015,0,0
1842,2015,0,0
1843,2015,0,0
1844,2015,0,0
1845,2015,0,0
1846,2015,0,0
1847,2015,0,0
1848,2015,0,0
1849,2015,0,0
1850,2015,0,0
1851,2015,0,0
1852,2015,0,0
1853,2015,0,0
1854,2015,0,0
1855,2015,0,0
1856,2015,0,0
1857,2015,0,0
1858,2015,0,0
1859,2015,0,0
1860,2015,0,0
1861,2015,0,0
1862,2015,0,0
1863,2015,0,0
1864,2015,0,0
1865,2015,0,0
1866,2015,0,0
1867,2015,0,0
1868,2015,0,0
1869,2015,0,0
1870,2015,0,0
1871,2015,0,0
1872,2015,0,0
1873,2015,0,0
1874,2015,0,0
1875,2015,0,0
1876,2015,0,0
1877,2015,0,0
1878,2015,0,0
1879,2015,0,0
1880,2015,0,0
1881,2015,0,0
1882,2015,0,0
1883,2015,0,0
1884,2015,0,0
1885,2015,0,0
1886,2015,0,0
1887,2015,0,0
1888,2015,0,0
1889,2015,0,0
1890,2015,0,0
1891,2015,0,0
1892,2015,0,0
1893,2015,0,0
1894,2015,0,0
1895,2015,0,0
1896,2015,0,0
1897,2015,0,0
1898,2015,0,0
1899,2015,0,0
1900,2015,0,0
1901,2015,0,0
1902,2015,0,0
1903,2015,0,0
1904,2015,0,0
1905,2015,0,0
1906,2015,0,0
1907,2015,0,0
1908,2015,0,0
1909,2015,0,0
1910,2015,0,0
1911,2015,0,0
1912,2015,0,0
1913,2015,0,0
1914,2015,0,0
1915,2015,0,0
1916,2015,0,0
1917,2015,0,0
1918,2015,0,0
1919,2015,0,0
1920,2015,0,0
1921,2015,0,0
1922,2015,0,0
1923,2015,0,0
1924,2015,0,0
1925,2015,0,0
1926,2015,0,0
1927,2015,0,0
1928,2015,0,0
1929,2015,0,0
1930,2015,0,0
1931,2015,0,0
1932,2015,0,0
1933,2015,0,0
1934,2015,0,0
1935,2015,0,0
1936,2015,0,0
1937,2015,0,0
1938,2015,0,0
1939,2015,0,0
1940,2015,0,0
1941,2015,0,0
1942,2015,0,0
1943,2015,0,1
1944,2015,0,1
1945,2015,0,0
1946,2015,0,0
1947,2015,0,0
1948,2015,0,0
1949,2015,0,0
1950,2015,0,0
1951,2015,0,0
1952,2015,0,0
1953,2015,0,0
1954,2015,0,0
1955,2015,0,0
1956,2015,0,0
1957,2015,0,0
1958,2015,0,0
1959,2015,0,0
1960,2015,0,0
1961,2015,0,0
1962,2015,0,0
1963,2015,0,0
1964,2015,0,0
1965,2015,0,0
1966,2015,0,0
1967,2015,0,0
1968,2015,0,0
1969,2015,0,0
1970,2015,0,0
1971,2015,0,0
1972,2015,0,0
1973,2015,0,0
1974,2015,0,0
1975,2015,0,0
1976,2015,0,0
1977,2015,0,0
1978,2015,0,0
1979,2015,0,0
1980,2015,0,0
1981,2015,0,0
1982,2015,0,0
1983,2015,0,0
1984,2015,0,0
1985,2015,0,0
1986,2015,0,0
1987,2015,0,0
1988,2015,0,0
1989,2015,0,0
1990,2015,0,0
1991,2015,0,0
1992,2015,0,0
1993,2015,0,0
1994,2015,0,0
1995,2015,0,0
1996,2015,0,0
1997,2015,0,0
1998,2015,0,0
1999,2015,0,0
2000,2015,0,0
2001,2015,0,0
2002,2015,0,0
2003,2015,0,0
2004,2015,0,0
2005,2015,0,0
2006,2015,0,0
2007,2015,0,0
2008,2015,0,0
2009,2015,0,0
2010,2015,0,0
2011,2015,0,0
2012,2015,0,0
2013,2015,0,0
2014,2015,0,0
2015,2015,0,0
2016,2015,0,0
2017,2015,0,0
2018,2015,0,0
2019,2015,0,0
2020,2015,0,0
2021,2015,0,0
2022,2015,0,0
2023,2015,0,0
2024,2015,0,0
2025,2015,0,0
2026,2015,0,0
2027,2015,0,0
2028,2015,0,2
2029,2015,0,0
2030,2015,0,0
2031,2015,0,0
2032,2015,0,0
2033,2015,0,0
2034,2015,0,0
2035,2015,0,0
2036,2015,0,0
2037,2015,0,0
2038,2015,0,0
2039,2015,0,0
2040,2015,0,0
2041,2015,0,0
2042,2015,0,0
2043,2015,0,0
2044,2015,0,0
2045,2015,0,0
2046,2015,0,0
2047,2015,0,0
2048,2015,0,0
2049,2015,0,0
2050,2015,0,0
2051,2015,0,0
2052,2015,0,0
2053,2015,0,0
2054,2015,0,0
2055,2015,0,0
2056,2015,0,0
2057,2015,0,0
2058,2015,0,0
2059,2015,0,0
2060,2015,0,0
2061,2015,0,0
2062,2015,0,0
2063,2015,0,0
2064,2015,0,0
2065,2015,0,0
2066,2015,0,0
2067,2015,0,0
2068,2015,0,0
2069,2015,0,0
2070,2015,0,0
2071,2015,0,0
2072,2015,0,0
2073,2015,0,0
2074,2015,0,0
2075,2015,0,0
2076,2015,0,0
2077,2015,0,0
2078,2015,0,0
2079,2015,0,0
2080,2015,0,0
2081,2015,0,0
2082,2015,0,0
2083,2015,0,0
2084,2015,0,0
2085,2015,0,0
2086,2015,0,0
2087,2015,0,0
2088,2015,0,0
2089,2015,0,0
2090,2015,0,0
2091,2015,0,0
2092,2015,0,0
2093,2015,0,0
2094,2015,0,0
2095,2015,0,0
2096,2015,0,0
2097,2015,0,0
2098,2015,0,0
2099,2015,0,0
2100,2015,0,0
2101,2015,0,0
2102,2015,0,0
2103,2015,0,0
2104,2015,0,0
2105,2015,0,0
2106,2015,0,0
2107,2015,0,0
2108,2015,0,0
2109,2015,0,0
2110,2015,0,0
2111,2015,0,0
2112,2015,0,0
2113,2015,0,0
2114,2015,0,0
2115,2015,0,0
2116,2015,0,0
2117,2015,0,0
2118,2015,0,0
2119,2015,0,0
2120,2015,0,0
2121,2015,0,0
2122,2015,0,0
2123,2015,0,0
2124,2015,0,0
2125,2015,0,0
2126,2015,0,0
2127,2015,0,0
2128,2015,0,0
2129,2015,0,0
2130,2015,0,0
2131,2015,0,0
2132,2015,0,0
2133,2015,0,0
2134,2015,0,0
2135,2015,0,0
2136,2015,0,0
2137,2015,0,0
2138,2015,0,0
2139,2015,0,0
2140,2015,0,0
2141,2015,0,0
2142,2015,0,0
2143,2015,0,0
2144,2015,0,0
2145,2015,0,0
2146,2015,0,0
2147,2015,0,0
2148,2015,0,0
2149,2015,0,0
2150,2015,0,0
2151,2015,0,0
2152,2015,0,0
2153,2015,0,0
2154,2015,0,0
2155,2015,0,0
2156,2015,0,0
2157,2015,0,0
2158,2015,0,0
2159,2015,0,0
2160,2015,0,0
2161,2015,0,0
2162,2015,0,0
2163,2015,0,0
2164,2015,0,0
2165,2015,0,0
2166,2015,0,0
2167,2015,0,0
2168,2015,0,0
2169,2015,0,0
2170,2015,0,0
2171,2015,0,0
2172,2015,0,0
2173,2015,0,0
2174,2015,0,0
2175,2015,0,0
2176,2015,0,0
2177,2015,0,0
2178,2015,0,0
2179,2015,0,0
2180,2015,0,0
2181,2015,0,0
2182,2015,0,0
2183,2015,0,0
2184,2015,0,0
2185,2015,0,0
2186,2015,0,0
2187,2015,0,0
2188,2015,0,0
2189,2015,0,0
2190,2015,0,0
2191,2015,0,0
2192,2015,0,0
2193,2015,0,0
2194,2015,0,0
2195,2015,0,0
2196,2015,0,0
2197,2015,0,0
2198,2015,0,0
2199,2015,0,0
2200,2015,0,0
2201,2015,0,0
2202,2015,0,0
2203,2015,0,0
2204,2015,0,0
2205,2015,0,0
2206,2015,0,0
2207,2015,0,0
2208,2015,0,0
2209,2015,0,2
2210,2015,0,2
2211,2015,0,0
2212,2015,0,0
2213,2015,0,0
2214,2015,0,0
2215,2015,0,0
2216,2015,0,0
2217,2015,0,0
2218,2015,0,2
2219,2015,0,0
2220,2015,0,0
2221,2015,0,0
2222,2015,0,0
2223,2015,0,2
2224,2015,0,0
2225,2015,0,0
2226,2015,0,0
2227,2015,0,0
2228,2015,0,0
2229,2015,0,0
2230,2015,0,0
2231,2015,0,0
2232,2015,0,0
2233,2015,0,0
2234,2015,0,0
2235,2015,0,0
2236,2015,0,0
2237,2015,0,0
2238,2015,0,0
2239,2015,0,0
2240,2015,0,0
2241,2015,0,0
2242,2015,0,0
2243,2015,0,0
2244,2015,0,0
2245,2015,0,0
2246,2015,0,0
2247,2015,0,0
2248,2015,0,0
2249,2015,0,0
2250,2015,0,0
2251,2015,0,0
2252,2015,0,0
2253,2015,0,0
2254,2015,0,0
2255,2015,0,0
2256,2015,0,0
2257,2015,0,0
2258,2015,0,0
2259,2015,0,0
2260,2015,0,0
2261,2015,0,0
2262,2015,0,0
2263,2015,0,0
2264,2015,0,0
2265,2015,0,0
2266,2015,0,0
2267,2015,0,0
2268,2015,0,0
2269,2015,0,0
2270,2015,0,0
2271,2015,1,0
2272,2015,1,2
2273,2015,1,0
2274,2015,1,0
2275,2015,1,0
2276,2015,1,0
2277,2015,1,0
2278,2015,1,2
2279,2015,1,2
2280,2015,1,2
2281,2015,1,2
2282,2015,1,2
2283,2015,1,0
2284,2015,1,0
2285,2015,1,0
2286,2015,1,0
2287,2015,1,0
2288,2015,1,0
2289,2015,1,0
2290,2015,1,0
2291,2015,1,0
2292,2015,1,0
2293,2015,1,2
2294,2015,1,2
2295,2015,1,2
2296,2015,1,2
2297,2015,1,2
2298,2015,1,0
2299,2015,1,2
2300,2015,1,2
2301,2015,1,2
2302,2015,1,2
2303,2015,1,0
2304,2015,1,0
2305,2015,1,2
2306,2015,1,2
2307,2015,1,0
2308,2015,1,0
2309,2015,1,0
2310,2015,1,0
2311,2015,1,0
2312,2015,1,0
2313,2015,1,0
2314,2015,1,2
2315,2015,1,2
2316,2015,1,2
2317,2015,1,0
2318,2015,1,2
2319,2015,1,2
2320,2015,1,2
2321,2015,1,2
2322,2015,1,1
2323,2015,1,0
2324,2015,1,2
2325,2015,1,2
2326,2015,1,2
2327,2015,1,2
2328,2015,1,2
2329,2015,1,0
2330,2015,1,0
2331,2015,1,2
2332,2015,1,2
2333,2015,1,1
2334,2015,1,2
2335,2015,1,2
2336,2015,1,0
2337,2015,1,2
2338,2015,1,2
2339,2015,1,2
2340,2015,1,2
2341,2015,1,2
2342,2015,1,2
2343,2015,1,2
2344,2015,1,2
2345,2015,1,2
2346,2015,1,2
2347,2015,1,2
2348,2015,1,2
2349,2015,1,2
2350,2015,1,2
2351,2015,1,2
2352,2015,1,2
2353,2015,1,2
2354,2015,1,2
2355,2015,1,2
2356,2015,1,0
2357,2015,1,0
2358,2015,1,0
2359,2015,1,2
2360,2015,1,0
2361,2015,1,0
2362,2015,1,2
2363,2015,1,2
2364,2015,1,2
2365,2015,1,2
2366,2015,1,2
2367,2015,1,2
2368,2015,1,2
2369,2015,1,2
2370,2015,1,2
2371,2015,1,2
2372,2015,1,2
2373,2015,1,0
2374,2015,1,0
2375,2015,1,0
2376,2015,1,0
2377,2015,1,0
2378,2015,1,2
2379,2015,1,2
2380,2015,1,0
2381,2015,1,0
2382,2015,1,2
2383,2015,1,0
2384,2015,1,2
2385,2015,1,0
2386,2015,1,2
2387,2015,1,0
2388,2015,1,0
2389,2015,1,0
2390,2015,1,0
2391,2015,1,0
2392,2015,1,0
2393,2015,1,0
2394,2015,1,0
2395,2015,1,0
2396,2015,1,0
2397,2015,1,0
2398,2015,1,0
2399,2015,1,0
2400,2015,1,0
2401,2015,1,0
2402,2015,1,0
2403,2015,1,0
2404,2015,1,0
2405,2015,1,0
2406,2015,1,0
2407,2015,1,2
2408,2015,1,2
2409,2015,1,0
2410,2015,1,0
2411,2015,1,0
2412,2015,1,0
2413,2015,1,0
2414,2015,1,0
2415,2015,1,0
2416,2015,1,0
2417,2015,1,0
2418,2015,1,0
2419,2015,1,0
2420,2015,1,2
2421,2015,1,0
2422,2015,1,0
2423,2015,1,0
2424,2015,1,0
2425,2015,1,2
2426,2015,1,0
2427,2015,1,2
2428,2015,1,2
2429,2015,1,2
2430,2015,1,1
2431,2015,1,1
2432,2015,1,2
2433,2015,1,2
2434,2015,1,1
2435,2015,1,1
2436,2015,1,2
2437,2015,1,2
2438,2015,1,2
2439,2015,1,0
2440,2015,1,2
2441,2015,1,2
2442,2015,1,2
2443,2015,1,0
2444,2015,1,0
2445,2015,1,0
2446,2015,1,2
2447,2015,1,2
2448,2015,1,2
2449,2015,1,2
2450,2015,1,2
2451,2015,1,2
2452,2015,1,0
2453,2015,1,2
2454,2015,1,2
2455,2015,1,2
2456,2015,1,2
2457,2015,1,2
2458,2015,1,2
2459,2015,1,2
2460,2015,1,2
2461,2015,1,2
2462,2015,1,2
2463,2015,1,2
2464,2015,1,2
2465,2015,1,2
2466,2015,1,2
2467,2015,1,2
2468,2015,1,2
2469,2015,1,2
2470,2015,1,2
2471,2015,1,2
2472,2015,1,2
2473,2015,1,1
2474,2015,1,1
2475,2015,1,1
2476,2015,1,1
2477,2015,1,1
2478,2015,1,1
2479,2015,1,1
2480,2015,1,1
2481,2015,1,1
2482,2015,1,1
2483,2015,1,2
2484,2015,1,1
2485,2015,1,0
2486,2015,1,1
2487,2015,1,1
2488,2015,1,1
2489,2015,1,1
2490,2015,1,1
2491,2015,1,1
2492,2015,1,1
2493,2015,1,0
2494,2015,1,1
2495,2015,1,1
2496,2015,1,1
2497,2015,1,1
2498,2015,1,1
2499,2015,1,0
2500,2015,1,1
2501,2015,1,1
2502,2015,1,1
2503,2015,1,1
2504,2015,1,1
2505,2015,1,1
2506,2015,1,1
2507,2015,1,1
2508,2015,1,1
2509,2015,1,0
2510,2015,1,0
2511,2015,1,1
2512,2015,1,1
2513,2015,1,1
2514,2015,1,1
2515,2015,1,1
2516,2015,1,1
2517,2015,1,1
2518,2015,1,1
2519,2015,1,1
2520,2015,1,1
2521,2015,1,1
2522,2015,1,1
2523,2015,1,1
2524,2015,1,1
2525,2015,1,1
2526,2015,1,2
2527,2015,1,2
2528,2015,1,2
2529,2015,1,1
2530,2015,1,1
2531,2015,1,1
2532,2015,1,2
2533,2015,1,2
2534,2015,1,0
2535,2015,1,2
2536,2015,1,2
2537,2015,1,2
2538,2015,1,2
2539,2015,1,2
2540,2015,1,2
2541,2015,1,2
2542,2015,1,2
2543,2015,1,2
2544,2015,1,1
2545,2015,1,1
2546,2015,1,0
2547,2015,1,0
2548,2015,1,1
2549,2015,1,0
2550,2015,1,2
2551,2015,1,2
2552,2015,1,1
2553,2015,1,1
2554,2015,1,1
2555,2015,1,1
2556,2015,1,2
2557,2015,1,1
2558,2015,1,1
2559,2015,1,1
2560,2015,1,1
2561,2015,1,1
2562,2015,1,1
2563,2015,1,1
2564,2015,1,1
2565,2015,1,1
2566,2015,1,1
2567,2015,1,1
2568,2015,1,1
2569,2015,1,1
2570,2015,1,1
2571,2015,1,0
2572,2015,1,1
2573,2015,1,1
2574,2015,1,2
2575,2015,1,1
2576,2015,1,0
2577,2015,1,0
2578,2015,1,0
2579,2015,1,1
2580,2015,1,1
2581,2015,1,1
2582,2015,1,1
2583,2015,1,1
2584,2015,1,2
2585,2015,1,1
2586,2015,1,1
2587,2015,1,1
2588,2015,1,1
2589,2015,1,1
2590,2015,1,1
2591,2015,1,1
2592,2015,1,2
2593,2015,1,2
2594,2015,1,2
2595,2015,1,1
2596,2015,1,1
2597,2015,1,0
2598,2015,1,0
2599,2015,1,0
2600,2015,1,2
2601,2015,1,2
2602,2015,1,2
2603,2015,1,1
2604,2015,1,1
2605,2015,1,1
2606,2015,1,1
2607,2015,1,1
2608,2015,1,1
2609,2015,1,1
2610,2015,1,2
2611,2015,1,2
2612,2015,1,2
2613,2015,1,2
2614,2015,1,2
2615,2015,1,1
2616,2015,1,1
2617,2015,1,1
2618,2015,1,1
2619,2015,1,0
2620,2015,1,0
2621,2015,1,0
2622,2015,1,0
2623,2015,1,1
2624,2015,1,1
2625,2015,1,1
2626,2015,1,1
2627,2015,1,0
2628,2015,1,1
2629,2015,1,1
2630,2015,1,1
2631,2015,1,1
2632,2015,1,1
2633,2015,1,2
2634,2015,1,1
2635,2015,1,1
2636,2015,1,1
2637,2015,1,1
2638,2015,1,1
2639,2015,1,1
2640,2015,1,1
2641,2015,1,1
2642,2015,1,1
2643,2015,1,1
2644,2015,1,1
2645,2015,1,1
2646,2015,1,1
2647,2015,1,1
2648,2015,1,1
2649,2015,1,1
2650,2015,1,1
2651,2015,1,1
2652,2015,1,1
2653,2015,1,1
2654,2015,1,1
2655,2015,1,1
2656,2015,1,1
2657,2015,1,1
2658,2015,1,1
2659,2015,1,1
2660,2015,1,1
2661,2015,1,0
2662,2015,1,0
2663,2015,1,1
2664,2015,1,1
2665,2015,1,1
2666,2015,1,1
2667,2015,1,1
2668,2015,1,1
2669,2015,1,1
2670,2015,1,0
2671,2015,1,1
2672,2015,1,1
2673,2015,1,1
2674,2015,1,1
2675,2015,1,1
2676,2015,1,1
2677,2015,1,1
2678,2015,1,1
2679,2015,1,1
2680,2015,1,2
2681,2015,1,1
2682,2015,1,1
2683,2015,1,1
2684,2015,1,1
2685,2015,1,1
2686,2015,1,1
2687,2015,1,2
2688,2015,1,1
2689,2015,1,1
2690,2015,1,1
2691,2015,1,1
2692,2015,1,1
2693,2015,1,1
2694,2015,1,1
2695,2015,1,1
2696,2015,1,1
2697,2015,1,1
2698,2015,1,1
2699,2015,1,2
2700,2015,1,2
2701,2015,1,1
2702,2015,1,1
2703,2015,1,2
2704,2015,1,1
2705,2015,1,1
2706,2015,1,1
2707,2015,1,1
2708,2015,1,1
2709,2015,1,1
2710,2015,1,1
2711,2015,1,1
2712,2015,1,1
2713,2015,1,1
2714,2015,1,1
2715,2015,1,1
2716,2015,1,1
2717,2015,1,1
2718,2015,1,1
2719,2015,1,1
2720,2015,1,1
2721,2015,1,1
2722,2015,1,1
2723,2015,1,1
2724,2015,1,1
2725,2015,1,1
2726,2015,1,1
2727,2015,1,1
2728,2015,1,1
2729,2015,1,1
2730,2015,1,1
2731,2015,1,1
2732,2015,1,1
2733,2015,1,1
2734,2015,1,1
2735,2015,1,1
2736,2015,1,1
2737,2015,1,0
2738,2015,1,2
2739,2015,1,1
2740,2015,1,1
2741,2013,0,2
2742,2013,0,0
2743,2013,0,0
2744,2013,0,0
2745,2013,0,0
2746,2013,0,0
2747,2013,0,0
2748,2013,0,0
2749,2013,0,0
2750,2013,0,0
2751,2013,0,1
2752,2013,0,2
2753,2013,0,1
2754,2013,0,2
2755,2013,0,2
2756,2013,0,1
2757,2013,0,0
2758,2013,0,0
2759,2013,0,0
2760,2013,0,0
2761,2013,0,0
2762,2013,0,0
2763,2013,0,0
2764,2013,0,0
2765,2013,0,0
2766,2013,0,1
2767,2013,0,0
2768,2013,0,0
2769,2013,0,0
2770,2013,0,0
2771,2013,0,0
2772,2013,0,0
2773,2013,0,0
2774,2013,0,0
2775,2013,0,0
2776,2013,0,0
2777,2013,0,0
2778,2013,0,0
2779,2013,0,2
2780,2013,0,2
2781,2013,0,2
2782,2013,0,2
2783,2013,0,2
2784,2013,0,2
2785,2013,0,0
2786,2013,0,0
2787,2013,0,0
2788,2013,0,0
2789,2013,0,0
2790,2013,0,0
2791,2013,0,0
2792,2013,0,0
2793,2013,0,0
2794,2013,0,0
2795,2013,0,0
2796,2013,0,0
2797,2013,0,0
2798,2013,0,0
2799,2013,0,0
2800,2013,0,0
2801,2013,0,0
2802,2013,0,0
2803,2013,0,0
2804,2013,0,0
2805,2013,0,0
2806,2013,0,0
2807,2013,0,1
2808,2013,0,1
2809,2013,0,2
2810,2013,0,2
2811,2013,0,2
2812,2013,0,2
2813,2013,0,2
2814,2013,0,2
2815,2013,0,2
2816,2013,0,2
2817,2013,0,0
2818,2013,0,0
2819,2013,0,0
2820,2013,0,0
2821,2013,0,0
2822,2013,0,0
2823,2013,0,0
2824,2013,0,0
2825,2013,0,0
2826,2013,0,0
2827,2013,0,0
2828,2013,0,0
2829,2013,0,0
2830,2013,0,0
2831,2013,0,0
2832,2013,0,0
2833,2013,0,2
2834,2013,0,2
2835,2013,0,2
2836,2013,0,2
2837,2013,0,2
2838,2013,0,2
2839,2013,0,2
2840,2013,0,2
2841,2013,0,2
2842,2013,0,2
2843,2013,0,2
2844,2013,0,2
2845,2013,0,2
2846,2013,0,2
2847,2013,0,2
2848,2013,0,2
2849,2013,0,2
2850,2013,0,2
2851,2013,0,2
2852,2013,0,2
2853,2013,0,1
2854,2013,0,2
2855,2013,0,2
2856,2013,0,2
2857,2013,0,2
2858,2013,0,2
2859,2013,0,2
2860,2013,0,1
2861,2013,0,0
2862,2013,0,1
2863,2013,0,2
2864,2013,0,2
2865,2013,0,1
2866,2013,0,1
2867,2013,0,2
2868,2013,0,2
2869,2013,0,1
2870,2013,0,2
2871,2013,0,2
2872,2013,0,1
2873,2013,0,2
2874,2013,0,2
2875,2013,0,2
2876,2013,0,2
2877,2013,0,1
2878,2013,0,2
2879,2013,0,2
2880,2013,0,2
2881,2013,0,2
2882,2013,0,2
2883,2013,0,2
2884,2013,0,2
2885,2013,0,2
2886,2013,0,2
2887,2013,0,2
2888,2013,0,2
2889,2013,0,2
2890,2013,0,2
2891,2013,0,2
2892,2013,0,2
2893,2013,0,0
2894,2013,0,0
2895,2013,0,0
2896,2013,0,2
2897,2013,0,2
2898,2013,0,2
2899,2013,0,2
2900,2013,0,2
2901,2013,0,2
2902,2013,0,2
2903,2013,0,0
2904,2013,0,0
2905,2013,0,2
2906,2013,0,1
2907,2013,0,2
2908,2013,0,2
2909,2013,0,2
2910,2013,0,1
2911,2013,0,1
2912,2013,0,2
2913,2013,0,1
2914,2013,0,1
2915,2013,0,1
2916,2013,0,1
2917,2013,0,1
2918,2013,0,1
2919,2013,0,2
2920,2013,0,2
2921,2013,0,2
2922,2013,0,2
2923,2013,0,0
2924,2013,0,0
2925,2013,0,0
2926,2013,0,0
2927,2013,0,0
2928,2013,0,0
2929,2013,0,2
2930,2013,0,0
2931,2013,0,1
2932,2013,0,0
2933,2013,0,0
2934,2013,0,2
2935,2013,0,2
2936,2013,0,0
2937,2013,0,0
2938,2013,0,0
2939,2013,0,0
2940,2013,0,0
2941,2013,0,0
2942,2013,0,0
2943,2013,0,0
2944,2013,0,0
2945,2013,0,0
2946,2013,0,0
2947,2013,0,0
2948,2013,0,2
2949,2013,0,0
2950,2013,0,0
2951,2013,0,2
2952,2013,0,0
2953,2013,0,0
2954,2013,0,0
2955,2013,0,2
2956,2013,0,2
2957,2013,0,0
2958,2013,0,0
2959,2013,0,0
2960,2013,0,0
2961,2013,0,0
2962,2013,0,0
2963,2013,0,0
2964,2013,0,0
2965,2013,0,0
2966,2013,0,0
2967,2013,0,0
2968,2013,0,0
2969,2013,0,0
2970,2013,0,0
2971,2013,0,0
2972,2013,0,0
2973,2013,0,0
2974,2013,0,0
2975,2013,0,0
2976,2013,0,0
2977,2013,0,0
2978,2013,0,0
2979,2013,0,0
2980,2013,0,0
2981,2013,0,0
2982,2013,0,0
2983,2013,0,0
2984,2013,0,0
2985,2013,0,0
2986,2013,0,0
2987,2013,0,0
2988,2013,0,0
2989,2013,0,0
2990,2013,0,0
2991,2013,0,0
2992,2013,0,0
2993,2013,0,0
2994,2013,0,0
2995,2013,0,2
2996,2013,0,0
2997,2013,0,0
2998,2013,0,2
2999,2013,0,2
3000,2013,0,0
3001,2013,0,0
3002,2013,0,0
3003,2013,0,0
3004,2013,0,2
3005,2013,0,2
3006,2013,0,2
3007,2013,0,2
3008,2013,0,0
3009,2013,0,0
3010,2013,0,0
3011,2013,0,0
3012,2013,0,0
3013,2013,0,0
3014,2013,0,0
3015,2013,0,0
3016,2013,0,0
3017,2013,0,0
3018,2013,0,0
3019,2013,0,0
3020,2013,0,0
3021,2013,0,0
3022,2013,0,0
3023,2013,0,0
3024,2013,0,0
3025,2013,0,0
3026,2013,0,2
3027,2013,0,2
3028,2013,0,2
3029,2013,0,2
3030,2013,0,2
3031,2013,0,2
3032,2013,0,2
3033,2013,0,2
3034,2013,0,2
3035,2013,0,2
3036,2013,0,2
3037,2013,0,2
3038,2013,0,2
3039,2013,0,2
3040,2013,0,2
3041,2013,0,2
3042,2013,0,2
3043,2013,0,2
3044,2013,0,2
3045,2013,0,2
3046,2013,0,2
3047,2013,0,2
3048,2013,0,2
3049,2013,0,2
3050,2013,0,2
3051,2013,0,0
3052,2013,0,0
3053,2013,0,0
3054,2013,0,0
3055,2013,0,0
3056,2013,0,2
3057,2013,0,2
3058,2013,0,2
3059,2013,0,2
3060,2013,0,2
3061,2013,0,2
3062,2013,0,2
3063,2013,0,2
3064,2013,0,2
3065,2013,0,2
3066,2013,0,2
3067,2013,0,2
3068,2013,0,2
3069,2013,0,0
3070,2013,0,0
3071,2013,0,0
3072,2013,0,0
3073,2013,0,0
3074,2013,0,0
3075,2013,0,2
3076,2013,0,2
3077,2013,0,2
3078,2013,0,2
3079,2013,0,2
3080,2013,0,2
3081,2013,0,2
3082,2013,0,2
3083,2013,0,2
3084,2013,0,2
3085,2013,0,2
3086,2013,0,2
3087,2013,0,2
3088,2013,0,2
3089,2013,0,2
3090,2013,0,0
3091,2013,0,0
3092,2013,0,0
3093,2013,0,0
3094,2013,0,2
3095,2013,0,2
3096,2013,0,2
3097,2013,0,2
3098,2013,0,2
3099,2013,0,2
3100,2013,0,2
3101,2013,0,2
3102,2013,0,2
3103,2013,0,2
3104,2013,0,2
3105,2013,0,2
3106,2013,0,2
3107,2013,0,2
3108,2013,0,2
3109,2013,0,2
3110,2013,0,2
3111,2013,0,2
3112,2013,0,2
3113,2013,0,2
3114,2013,0,2
3115,2013,0,2
3116,2013,0,2
3117,2013,0,2
3118,2013,0,2
3119,2013,0,2
3120,2013,0,2
3121,2013,0,2
3122,2013,0,2
3123,2013,0,2
3124,2013,0,2
3125,2013,0,2
3126,2013,0,1
3127,2013,0,1
3128,2013,0,1
3129,2013,0,1
3130,2013,0,1
3131,2013,0,1
3132,2013,0,0
3133,2013,0,0
3134,2013,0,2
3135,2013,0,2
3136,2013,0,2
3137,2013,0,2
3138,2013,0,2
3139,2013,0,1
3140,2013,0,2
3141,2013,0,1
3142,2013,0,2
3143,2013,0,2
3144,2013,0,2
3145,2013,0,2
3146,2013,0,2
3147,2013,0,2
3148,2013,0,1
3149,2013,0,2
3150,2013,0,2
3151,2013,0,2
3152,2013,0,2
3153,2013,0,2
3154,2013,0,2
3155,2013,0,2
3156,2013,0,0
3157,2013,0,2
3158,2013,0,2
3159,2013,0,0
3160,2013,0,1
3161,2013,0,0
3162,2013,0,2
3163,2013,0,2
3164,2013,0,2
3165,2013,0,2
3166,2013,0,2
3167,2013,0,0
3168,2013,0,0
3169,2013,0,0
3170,2013,0,0
3171,2013,0,0
3172,2013,0,0
3173,2013,0,0
3174,2013,0,0
3175,2013,0,0
3176,2013,0,0
3177,2013,0,0
3178,2013,0,0
3179,2013,0,1
3180,2013,0,0
3181,2013,0,0
3182,2013,0,0
3183,2013,0,1
3184,2013,0,1
3185,2013,0,1
3186,2013,0,2
3187,2013,0,1
3188,2013,0,1
3189,2013,0,1
3190,2013,0,2
3191,2013,0,2
3192,2013,0,2
3193,2013,0,0
3194,2013,0,2
3195,2013,0,2
3196,2013,0,2
3197,2013,0,2
3198,2013,0,1
3199,2013,0,2
3200,2013,0,2
3201,2013,0,2
3202,2013,0,2
3203,2013,0,1
3204,2013,0,1
3205,2013,0,1
3206,2013,0,2
3207,2013,0,2
3208,2013,0,2
3209,2013,0,2
3210,2013,0,2
3211,2013,0,1
3212,2013,0,0
3213,2013,0,0
3214,2013,0,2
3215,2013,0,2
3216,2013,0,2
3217,2013,0,2
3218,2013,0,2
3219,2013,0,2
3220,2013,0,0
3221,2013,0,1
3222,2013,0,2
3223,2013,0,2
3224,2013,0,2
3225,2013,0,0
3226,2013,0,2
3227,2013,0,2
3228,2013,0,0
3229,2013,0,0
3230,2013,0,2
3231,2013,0,0
3232,2013,0,2
3233,2013,0,0
3234,2013,0,2
3235,2013,0,2
3236,2013,0,2
3237,2013,0,0
3238,2013,0,0
3239,2013,0,2
3240,2013,0,0
3241,2013,0,0
3242,2013,0,0
3243,2013,0,2
3244,2013,0,2
3245,2013,0,2
3246,2013,0,1
3247,2013,0,1
3248,2013,0,2
3249,2013,0,2
3250,2013,0,1
3251,2013,0,2
3252,2013,0,2
3253,2013,0,2
3254,2013,0,2
3255,2013,0,2
3256,2013,0,2
3257,2013,0,2
3258,2013,0,2
3259,2013,0,2
3260,2013,0,2
3261,2013,0,2
3262,2013,0,2
3263,2013,0,2
3264,2013,0,2
3265,2013,0,2
3266,2013,0,2
3267,2013,0,2
3268,2013,0,2
3269,2013,0,2
3270,2013,0,0
3271,2013,0,2
3272,2013,0,2
3273,2013,0,0
3274,2013,0,2
3275,2013,0,2
3276,2013,0,2
3277,2013,0,0
3278,2013,0,2
3279,2013,0,0
3280,2013,0,0
3281,2013,0,2
3282,2013,0,2
3283,2013,0,2
3284,2013,0,0
3285,2013,0,0
3286,2013,0,0
3287,2013,0,0
3288,2013,0,0
3289,2013,0,0
3290,2013,0,0
3291,2013,0,0
3292,2013,0,2
3293,2013,0,2
3294,2013,0,0
3295,2013,0,0
3296,2013,0,0
3297,2013,0,0
3298,2013,0,0
3299,2013,0,0
3300,2013,0,0
3301,2013,0,0
3302,2013,0,1
3303,2013,0,0
3304,2013,0,0
3305,2013,0,0
3306,2013,0,0
3307,2013,0,0
3308,2013,0,0
3309,2013,0,0
3310,2013,0,0
3311,2013,0,0
3312,2013,0,0
3313,2013,0,0
3314,2013,0,0
3315,2013,0,0
3316,2013,0,0
3317,2013,0,0
3318,2013,0,0
3319,2013,0,0
3320,2013,0,2
3321,2013,0,2
3322,2013,0,2
3323,2013,0,2
3324,2013,0,2
3325,2013,0,2
3326,2013,0,2
3327,2013,0,2
3328,2013,0,2
3329,2013,0,2
3330,2013,0,2
3331,2013,0,2
3332,2013,0,2
3333,2013,0,2
3334,2013,0,2
3335,2013,0,0
3336,2013,0,0
3337,2013,0,0
3338,2013,0,0
3339,2013,0,0
3340,2013,0,0
3341,2013,0,0
3342,2013,0,0
3343,2013,0,0
3344,2013,0,0
3345,2013,0,2
3346,2013,0,2
3347,2013,0,2
3348,2013,0,2
3349,2013,0,2
3350,2013,0,2
3351,2013,0,2
3352,2013,0,2
3353,2013,0,2
3354,2013,0,2
3355,2013,0,0
3356,2013,0,0
3357,2013,0,0
3358,2013,0,0
3359,2013,0,0
3360,2013,0,0
3361,2013,0,0
3362,2013,0,0
3363,2013,0,0
3364,2013,0,0
3365,2013,0,2
3366,2013,0,2
3367,2013,0,0
3368,2013,0,0
3369,2013,0,0
3370,2013,0,0
3371,2013,0,0
3372,2013,0,0
3373,2013,0,0
3374,2013,0,0
3375,2013,0,0
3376,2013,0,0
3377,2013,0,0
3378,2013,0,0
3379,2013,0,0
3380,2013,0,0
3381,2013,0,0
3382,2013,0,2
3383,2013,0,2
3384,2013,0,2
3385,2013,0,2
3386,2013,0,2
3387,2013,0,2
3388,2013,0,2
3389,2013,0,2
3390,2013,0,2
3391,2013,0,0
3392,2013,0,0
3393,2013,0,0
3394,2013,0,0
3395,2013,0,0
3396,2013,0,0
3397,2013,0,0
3398,2013,0,0
3399,2013,0,0
3400,2013,0,0
3401,2013,0,0
3402,2013,0,0
3403,2013,0,0
3404,2013,0,2
3405,2013,0,0
3406,2013,0,0
3407,2013,0,0
3408,2013,0,0
3409,2013,0,0
3410,2013,0,0
3411,2013,0,0
3412,2013,0,2
3413,2013,0,2
3414,2013,0,2
3415,2013,0,1
3416,2013,0,2
3417,2013,0,2
3418,2013,0,2
3419,2013,0,2
3420,2013,0,2
3421,2013,0,0
3422,2013,0,2
3423,2013,0,2
3424,2013,0,0
3425,2013,0,2
3426,2013,0,2
3427,2013,0,2
3428,2013,0,2
3429,2013,0,2
3430,2013,0,0
3431,2013,0,2
3432,2013,0,2
3433,2013,0,2
3434,2013,0,2
3435,2013,0,2
3436,2013,0,2
3437,2013,0,2
3438,2013,0,2
3439,2013,0,2
3440,2013,0,2
3441,2013,0,2
3442,2013,0,2
3443,2013,0,2
3444,2013,0,2
3445,2013,0,0
3446,2013,0,2
3447,2013,0,0
3448,2013,0,0
3449,2013,0,0
3450,2013,0,2
3451,2013,0,2
3452,2013,0,2
3453,2013,0,2
3454,2013,0,2
3455,2013,0,0
3456,2013,0,0
3457,2013,0,0
3458,2013,0,0
3459,2013,0,2
3460,2013,0,2
3461,2013,0,2
3462,2013,0,2
3463,2013,0,2
3464,2013,0,2
3465,2013,0,2
3466,2013,0,2
3467,2013,0,2
3468,2013,0,2
3469,2013,0,2
3470,2013,0,2
3471,2013,0,2
3472,2013,0,2
3473,2013,0,2
3474,2013,0,2
3475,2013,0,2
3476,2013,0,2
3477,2013,0,2
3478,2013,0,2
3479,2013,0,2
3480,2013,0,2
3481,2013,0,2
3482,2013,0,2
3483,2013,0,2
3484,2013,0,2
3485,2013,0,2
3486,2013,0,2
3487,2013,0,2
3488,2013,0,2
3489,2013,0,2
3490,2013,0,2
3491,2013,0,2
3492,2013,0,2
3493,2013,0,2
3494,2013,0,0
3495,2013,0,2
3496,2013,0,0
3497,2013,0,0
3498,2011,1,1
3499,2011,1,1
3500,2011,1,1
3501,2011,1,1
3502,2011,1,1
3503,2011,1,1
3504,2011,1,1
3505,2011,1,1
3506,2011,1,1
3507,2011,1,1
3508,2011,1,1
3509,2011,1,1
3510,2011,1,1
3511,2011,1,1
3512,2011,1,1
3513,2011,1,1
3514,2011,1,1
3515,2011,1,1
3516,2011,1,1
3517,2011,1,1
3518,2011,1,1
3519,2011,1,1
3520,2011,1,1
3521,2011,1,1
3522,2011,1,1
3523,2011,1,1
3524,2011,1,1
3525,2011,1,1
3526,2011,1,1
3527,2011,1,0
3528,2011,1,1
3529,2011,1,1
3530,2011,1,0
3531,2011,1,1
3532,2011,1,1
3533,2011,1,1
3534,2011,1,1
3535,2011,1,1
3536,2011,1,1
3537,2011,1,1
3538,2011,1,1
3539,2011,1,1
3540,2011,1,1
3541,2011,1,1
3542,2011,1,1
3543,2011,1,1
3544,2011,1,1
3545,2011,1,1
3546,2011,1,1
3547,2011,1,1
3548,2011,1,1
3549,2011,1,1
3550,2011,1,1
3551,2011,1,1
3552,2011,1,1
3553,2011,1,1
3554,2011,1,1
3555,2011,1,1
3556,2011,1,1
3557,2011,1,1
3558,2011,1,1
3559,2011,1,1
3560,2011,1,1
3561,2011,1,1
3562,2011,1,1
3563,2011,1,1
3564,2011,1,1
3565,2011,1,1
3566,2011,1,1
3567,2011,1,1
3568,2011,1,1
3569,2011,1,2
3570,2011,1,2
3571,2011,1,1
3572,2011,1,2
3573,2011,1,2
3574,2011,1,1
3575,2011,1,1
3576,2011,1,1
3577,2011,1,2
3578,2011,1,2
3579,2011,1,2
3580,2011,1,2
3581,2011,1,2
3582,2011,1,2
3583,2011,1,2
3584,2011,1,0
3585,2011,1,2
3586,2011,1,2
3587,2011,1,1
3588,2011,1,1
3589,2011,1,1
3590,2011,1,1
3591,2011,1,2
3592,2011,1,2
3593,2011,1,2
3594,2011,1,2
3595,2011,1,2
3596,2011,1,2
3597,2011,1,2
3598,2011,1,2
3599,2011,1,2
3600,2011,1,1
3601,2011,1,2
3602,2011,1,2
3603,2011,1,2
3604,2011,1,2
3605,2011,1,1
3606,2011,1,2
3607,2011,1,2
3608,2011,1,0
3609,2011,1,1
3610,2011,1,1
3611,2011,1,1
3612,2011,1,2
3613,2011,1,2
3614,2011,1,2
3615,2011,1,2
3616,2011,1,2
3617,2011,1,2
3618,2011,1,2
3619,2011,1,2
3620,2011,1,1
3621,2011,1,2
3622,2011,1,1
3623,2011,1,2
3624,2011,1,2
3625,2011,1,2
3626,2011,1,1
3627,2011,1,2
3628,2011,1,2
3629,2011,1,2
3630,2011,1,2
3631,2011,1,1
3632,2011,1,1
3633,2011,1,1
3634,2011,1,1
3635,2011,1,2
3636,2011,1,1
3637,2011,1,2
3638,2011,1,1
3639,2011,1,1
3640,2011,1,2
3641,2011,1,1
3642,2011,1,1
3643,2011,1,1
3644,2011,1,2
3645,2011,1,2
3646,2011,1,0
3647,2011,1,0
3648,2011,1,1
3649,2011,1,1
3650,2011,1,1
3651,2011,1,1
3652,2011,1,1
3653,2011,1,1
3654,2011,1,1
3655,2011,1,1
3656,2011,1,2
3657,2011,1,1
3658,2011,1,1
3659,2011,1,1
3660,2011,1,1
3661,2011,1,1
3662,2011,1,1
3663,2011,1,1
3664,2011,1,1
3665,2011,1,1
3666,2011,1,1
3667,2011,1,1
3668,2011,1,1
3669,2011,1,1
3670,2011,1,1
3671,2011,1,1
3672,2011,1,1
3673,2011,1,1
3674,2011,1,1
3675,2011,1,1
3676,2011,1,1
3677,2011,1,1
3678,2011,1,1
3679,2011,1,1
3680,2011,1,1
3681,2011,1,1
3682,2011,1,1
3683,2011,1,1
3684,2011,1,1
3685,2011,1,1
3686,2011,1,1
3687,2011,1,1
3688,2011,1,1
3689,2011,1,1
3690,2011,1,1
3691,2011,1,1
3692,2011,1,1
3693,2011,1,1
3694,2011,1,1
3695,2011,1,1
3696,2011,1,1
3697,2011,1,1
3698,2011,1,1
3699,2011,1,1
3700,2011,1,1
3701,2011,1,1
3702,2011,1,1
3703,2011,1,1
3704,2011,1,1
3705,2011,1,1
3706,2011,1,1
3707,2011,1,1
3708,2011,1,1
3709,2011,1,1
3710,2011,1,1
3711,2011,1,1
3712,2011,1,1
3713,2011,1,1
3714,2011,1,1
3715,2011,1,1
3716,2011,1,1
3717,2011,1,1
3718,2011,1,2
3719,2011,1,1
3720,2011,1,1
3721,2011,1,1
3722,2011,1,1
3723,2011,1,1
3724,2011,1,1
3725,2011,1,1
3726,2011,1,1
3727,2011,1,1
3728,2011,1,1
3729,2011,1,1
3730,2011,1,1
3731,2011,1,1
3732,2011,1,1
3733,2011,1,1
3734,2011,1,1
3735,2011,1,1
3736,2011,1,1
3737,2011,1,1
3738,2011,1,1
3739,2011,1,1
3740,2011,1,1
3741,2011,1,1
3742,2011,1,1
3743,2011,1,1
3744,2011,1,1
3745,2011,1,1
3746,2011,1,1
3747,2011,1,1
3748,2011,1,1
3749,2011,1,1
3750,2011,1,1
3751,2011,1,2
3752,2011,1,1
3753,2011,1,1
3754,2011,1,1
3755,2011,1,1
3756,2011,1,1
3757,2011,1,1
3758,2011,1,1
3759,2011,1,1
3760,2011,1,1
3761,2011,1,1
3762,2011,1,1
3763,2011,1,1
3764,2011,1,1
3765,2011,1,1
3766,2011,1,1
3767,2011,1,1
3768,2011,1,1
3769,2011,1,1
3770,2011,1,1
3771,2011,1,1
3772,2011,1,1
3773,2011,1,1
3774,2011,1,1
3775,2011,1,1
3776,2011,1,1
3777,2011,1,1
3778,2011,1,2
3779,2011,1,1
3780,2011,1,1
3781,2011,1,1
3782,2011,1,1
3783,2011,1,1
3784,2011,1,1
3785,2011,1,1
3786,2011,1,0
3787,2011,1,0
3788,2011,1,2
3789,2011,1,1
3790,2011,1,1
3791,2011,1,1
3792,2011,1,1
3793,2011,1,1
3794,2011,1,1
3795,2011,1,2
3796,2011,1,1
3797,2011,1,2
3798,2011,1,2
3799,2011,1,2
3800,2011,1,1
3801,2011,1,1
3802,2011,1,1
3803,2011,1,2
3804,2011,1,0
3805,2011,1,2
3806,2011,1,1
3807,2011,1,1
3808,2011,1,1
3809,2011,1,1
3810,2011,1,2
3811,2011,1,1
3812,2011,1,1
3813,2011,1,2
3814,2011,1,2
3815,2011,1,2
3816,2011,1,2
3817,2011,1,2
3818,2011,1,2
3819,2011,1,2
3820,2011,1,0
3821,2011,1,1
3822,2011,1,0
3823,2011,1,0
3824,2011,1,0
3825,2011,1,0
3826,2011,1,1
3827,2011,1,0
3828,2011,1,1
3829,2011,1,1
3830,2011,1,1
3831,2011,1,1
3832,2011,1,1
3833,2011,1,1
3834,2011,1,0
3835,2011,1,1
3836,2011,1,1
3837,2011,1,1
3838,2011,1,1
3839,2011,1,1
3840,2011,1,2
3841,2011,1,1
3842,2011,1,1
3843,2011,1,1
3844,2011,1,1
3845,2011,1,1
3846,2011,1,1
3847,2011,1,1
3848,2011,1,1
3849,2011,1,1
3850,2011,1,1
3851,2011,1,1
3852,2011,1,1
3853,2011,1,1
3854,2011,1,1
3855,2011,1,1
3856,2011,1,1
3857,2011,1,1
3858,2011,1,1
3859,2011,1,1
3860,2011,1,1
3861,2011,1,1
3862,2011,1,1
3863,2011,1,1
3864,2011,1,1
3865,2011,1,1
3866,2011,1,1
3867,2011,1,1
3868,2011,1,1
3869,2011,1,1
3870,2011,1,1
3871,2011,1,1
3872,2011,1,1
3873,2011,1,1
3874,2011,1,1
3875,2011,1,2
3876,2011,1,2
3877,2011,1,1
3878,2011,1,2
3879,2011,1,1
3880,2011,1,1
3881,2011,1,1
3882,2011,1,1
3883,2011,1,1
3884,2011,1,1
3885,2011,1,1
3886,2011,1,1
3887,2011,1,1
3888,2011,1,1
3889,2011,1,1
3890,2011,1,1
3891,2011,1,1
3892,2011,1,1
3893,2011,1,1
3894,2011,1,1
3895,2011,1,1
3896,2011,1,1
3897,2011,1,1
3898,2011,1,1
3899,2011,1,1
3900,2011,1,1
3901,2011,1,1
3902,2011,1,1
3903,2011,1,1
3904,2011,1,1
3905,2011,1,1
3906,2011,1,1
3907,2011,1,1
3908,2011,1,1
3909,2011,1,1
3910,2011,1,1
3911,2011,1,1
3912,2011,1,1
3913,2011,1,1
3914,2011,1,1
3915,2011,1,1
3916,2011,1,1
3917,2011,1,1
3918,2011,1,1
3919,2011,1,0
3920,2011,1,1
3921,2011,1,1
3922,2011,1,1
3923,2011,1,1
3924,2011,1,1
3925,2011,1,1
3926,2011,1,1
3927,2011,1,1
3928,2011,1,1
3929,2011,1,1
3930,2011,1,1
3931,2011,1,1
3932,2011,1,1
3933,2011,1,1
3934,2011,1,1
3935,2011,1,1
3936,2011,1,1
3937,2011,1,1
3938,2011,1,1
3939,2011,1,1
3940,2011,1,1
3941,2011,1,1
3942,2011,1,1
3943,2011,1,0
3944,2011,1,1
3945,2011,1,1
3946,2011,1,1
3947,2011,1,1
3948,2011,1,1
3949,2011,1,1
3950,2011,1,1
3951,2011,1,1
3952,2011,1,1
3953,2011,1,1
3954,2011,1,1
3955,2011,1,1
3956,2011,1,1
3957,2011,1,1
3958,2011,1,1
3959,2011,1,1
3960,2011,1,1
3961,2011,1,1
3962,2011,1,1
3963,2011,1,1
3964,2011,1,1
3965,2011,1,1
3966,2011,1,1
3967,2011,1,1
3968,2011,1,1
3969,2011,1,1
3970,2011,1,1
3971,2011,1,1
3972,2011,1,1
3973,2011,1,1
3974,2011,1,1
3975,2011,1,1
3976,2011,1,1
3977,2011,1,1
3978,2011,1,1
3979,2011,1,1
3980,2011,1,1
3981,2011,1,1
3982,2011,1,1
3983,2011,1,1
3984,2011,1,1
3985,2011,1,1
3986,2011,1,1
3987,2011,1,1
3988,2011,1,1
3989,2011,1,1
3990,2011,1,1
3991,2011,1,1
3992,2011,1,1
3993,2011,1,1
3994,2011,1,1
3995,2011,1,1
3996,2011,1,1
3997,2011,1,1
3998,2011,1,1
3999,2011,1,1
4000,2011,1,1
4001,2011,1,1
4002,2011,1,1
4003,2011,1,1
4004,2011,1,1
4005,2011,1,1
4006,2011,1,1
4007,2011,1,1
4008,2011,1,1
4009,2011,1,1
4010,2011,1,1
4011,2011,1,1
4012,2011,1,1
4013,2011,1,1
4014,2011,1,1
4015,2011,1,1
4016,2011,1,1
4017,2011,1,1
4018,2011,1,1
4019,2011,1,1
4020,2011,1,1
4021,2011,1,1
4022,2011,1,1
4023,2011,1,1
4024,2011,1,1
4025,2011,1,1
4026,2011,1,1
4027,2011,1,1
4028,2011,1,1
4029,2011,1,1
4030,2011,1,1
4031,2011,1,1
4032,2011,1,1
4033,2011,1,1
4034,2011,1,1
4035,2011,1,1
4036,2011,1,1
4037,2011,1,1
4038,2011,1,1
4039,2011,1,1
4040,2011,1,1
4041,2011,1,1
4042,2011,1,1
4043,2011,1,1
4044,2011,1,1
4045,2011,1,1
4046,2011,1,1
4047,2011,1,1
4048,2011,1,1
4049,2011,1,1
4050,2011,1,1
4051,2011,1,1
4052,2011,1,1
4053,2011,1,1
4054,2011,1,1
4055,2011,1,1
4056,2011,1,1
4057,2011,1,1
4058,2011,1,1
4059,2011,1,1
4060,2011,1,1
4061,2011,1,1
4062,2011,1,1
4063,2011,1,1
4064,2011,1,1
4065,2011,1,1
4066,2011,1,1
4067,2011,1,1
4068,2011,1,1
4069,2011,1,1
4070,2011,1,1
4071,2011,1,1
4072,2011,1,1
4073,2011,1,1
4074,2011,1,1
4075,2011,1,1
4076,2011,1,1
4077,2011,1,0
4078,2011,1,0
4079,2011,1,0
4080,2011,1,0
4081,2011,1,1
4082,2011,1,1
4083,2011,1,1
4084,2011,1,1
4085,2011,1,1
4086,2011,1,1
4087,2011,1,1
4088,2011,1,1
4089,2011,1,1
4090,2011,1,1
4091,2011,1,1
4092,2011,1,1
4093,2011,1,1
4094,2011,1,1
4095,2011,1,1
4096,2011,1,1
4097,2011,1,1
4098,2011,1,1
4099,2011,1,1
4100,2011,1,1
4101,2011,1,1
4102,2011,1,1
4103,2011,1,1
4104,2011,1,1
4105,2011,1,1
4106,2011,1,1
4107,2011,1,1
4108,2011,1,1
4109,2011,1,1
4110,2011,1,1
4111,2011,1,1
4112,2011,1,1
4113,2011,1,1
4114,2011,1,1
4115,2011,1,1
4116,2011,1,1
4117,2011,1,1
4118,2011,1,1
4119,2011,1,1
4120,2011,1,1
4121,2011,1,2
4122,2011,1,1
4123,2011,1,1
4124,2011,1,1
4125,2011,1,1
4126,2011,1,1
4127,2011,1,1
4128,2011,1,1
4129,2011,1,1
4130,2011,1,1
4131,2011,1,1
4132,2011,1,1
4133,2011,1,1
4134,2011,1,1
4135,2011,1,1
4136,2011,1,1
4137,2011,1,1
4138,2011,1,1
4139,2011,1,1
4140,2011,1,1
4141,2011,1,1
4142,2011,1,1
4143,2011,1,1
4144,2011,1,1
4145,2011,1,1
4146,2011,1,1
4147,2011,1,1
4148,2011,1,1
4149,2011,1,1
4150,2011,1,1
4151,2011,1,1
4152,2011,1,1
4153,2011,1,1
4154,2011,1,1
4155,2011,1,1
4156,2011,1,1
4157,2011,1,1
4158,2011,1,2
4159,2011,1,1
4160,2011,1,1
4161,2011,1,1
4162,2011,1,1
4163,2011,1,1
4164,2011,1,1
4165,2011,1,1
4166,2011,1,1
4167,2011,1,1
4168,2011,1,1
4169,2011,1,1
4170,2011,1,1
4171,2011,1,1
4172,2011,1,1
4173,2011,1,1
4174,2011,1,1
4175,2011,1,1
4176,2011,1,1
4177,2011,1,1
4178,2011,1,1
4179,2011,1,1
4180,2011,1,1
4181,2011,1,1
4182,2011,1,1
4183,2011,1,1
4184,2011,1,1
4185,2011,1,2
4186,2011,1,2
4187,2011,1,1
4188,2011,1,2
4189,2011,1,2
4190,2011,1,2
4191,2011,1,1
4192,2011,1,1
4193,2011,1,1
4194,2011,1,2
4195,2011,1,1
4196,2011,1,1
4197,2011,1,1
4198,2011,1,1
4199,2011,1,1
4200,2011,1,1
4201,2011,1,1
4202,2011,1,1
4203,2011,1,1
4204,2011,1,1
4205,2011,1,1
4206,2011,1,1
4207,2011,1,1
4208,2011,1,1
4209,2011,1,1
4210,2011,1,1
4211,2011,1,1
4212,2011,1,1
4213,2011,1,1
4214,2011,1,1
4215,2011,1,1
4216,2011,1,1
4217,2011,1,1
4218,2011,1,1
4219,2011,1,1
4220,2011,1,1
4221,2011,1,1
4222,2011,1,1
4223,2011,1,1
4224,2011,1,1
4225,2011,1,1
4226,2011,1,1
4227,2011,1,1
4228,2011,1,1
4229,2011,1,1
4230,2011,1,1
4231,2011,1,1
4232,2011,1,1
4233,2011,1,1
4234,2011,1,1
4235,2011,1,1
4236,2011,1,1
4237,2011,1,1
4238,2011,1,1
4239,2011,1,1
4240,2011,1,1
4241,2011,1,1
4242,2011,1,1
4243,2011,1,1
4244,2011,1,1
4245,2011,1,1
4246,2011,1,1
4247,2011,1,1
4248,2011,1,1
4249,2011,1,1
4250,2011,1,1
4251,2011,1,2
4252,2011,1,1
4253,2011,1,1
4254,2011,1,1
4255,2011,1,1
4256,2011,1,1
4257,2011,1,1
4258,2011,1,1
4259,2011,1,1
4260,2011,1,1
4261,2011,1,1
4262,2011,1,1
4263,2011,1,1
4264,2011,1,1
4265,2011,1,1
4266,2011,1,1
4267,2011,1,1
4268,2011,1,1
4269,2011,1,1
4270,2011,1,1
4271,2011,1,1
4272,2011,1,1
4273,2011,1,1
4274,2011,1,1
4275,2011,2,2
4276,2011,2,2
4277,2011,2,2
4278,2011,2,2
4279,2011,2,2
4280,2011,2,2
4281,2011,2,2
4282,2011,2,2
4283,2011,2,2
4284,2011,2,2
4285,2011,2,2
4286,2011,2,2
4287,2011,2,2
4288,2011,2,2
4289,2011,2,2
4290,2011,2,2
4291,2011,2,2
4292,2011,2,2
4293,2011,2,2
4294,2011,2,0
4295,2011,2,2
4296,2011,2,2
4297,2011,2,2
4298,2011,2,2
4299,2011,2,2
4300,2011,2,2
4301,2011,2,0
4302,2011,2,2
4303,2011,2,2
4304,2011,2,2
4305,2011,2,2
4306,2011,2,2
4307,2011,2,2
4308,2011,2,2
4309,2011,2,2
4310,2011,2,2
4311,2011,2,2
4312,2011,2,2
4313,2011,2,2
4314,2011,2,2
4315,2011,2,2
4316,2011,2,2
4317,2011,2,2
4318,2011,2,2
4319,2011,2,2
4320,2011,2,2
4321,2011,2,2
4322,2011,2,2
4323,2011,2,2
4324,2011,2,2
4325,2011,2,2
4326,2011,2,2
4327,2011,2,2
4328,2011,2,2
4329,2011,2,2
4330,2011,2,0
4331,2011,2,2
4332,2011,2,0
4333,2011,2,2
4334,2011,2,2
4335,2011,2,2
4336,2011,2,2
4337,2011,2,2
4338,2011,2,2
4339,2011,2,2
4340,2011,2,2
4341,2011,2,2
4342,2011,2,2
4343,2011,2,2
4344,2011,2,2
4345,2011,2,2
4346,2011,2,0
4347,2011,2,0
4348,2011,2,2
4349,2011,2,2
4350,2011,2,2
4351,2011,2,2
4352,2011,2,2
4353,2011,2,2
4354,2011,2,2
4355,2011,2,2
4356,2011,2,2
4357,2011,2,2
4358,2011,2,2
4359,2011,2,2
4360,2011,2,2
4361,2011,2,2
4362,2011,2,2
4363,2011,2,2
4364,2011,2,2
4365,2011,2,2
4366,2011,2,2
4367,2011,2,2
4368,2011,2,2
4369,2011,2,2
4370,2011,2,2
4371,2011,2,2
4372,2011,2,2
4373,2011,2,2
4374,2011,2,2
4375,2011,2,2
4376,2011,2,2
4377,2011,2,2
4378,2011,2,2
4379,2011,2,1
4380,2011,2,2
4381,2011,2,2
4382,2011,2,2
4383,2011,2,2
4384,2011,2,2
4385,2011,2,2
4386,2011,2,2
4387,2011,2,2
4388,2011,2,2
4389,2011,2,0
4390,2011,2,2
4391,2011,2,2
4392,2011,2,2
4393,2011,2,0
4394,2011,2,0
4395,2011,2,2
4396,2011,2,0
4397,2011,2,0
4398,2011,2,0
4399,2011,2,0
4400,2011,2,0
4401,2011,2,0
4402,2011,2,0
4403,2011,2,0
4404,2011,2,0
4405,2011,2,0
4406,2011,2,0
4407,2011,2,2
4408,2011,2,2
4409,2011,2,2
4410,2011,2,2
4411,2011,2,0
4412,2011,2,0
4413,2011,2,0
4414,2011,2,0
4415,2011,2,2
4416,2011,2,2
4417,2011,2,2
4418,2011,2,2
4419,2011,2,2
4420,2011,2,2
4421,2011,2,2
4422,2011,2,2
4423,2011,2,2
4424,2011,2,2
4425,2011,2,2
4426,2011,2,2
4427,2011,2,2
4428,2011,2,2
4429,2011,2,2
4430,2011,2,2
4431,2011,2,2
4432,2011,2,2
4433,2011,2,2
4434,2011,2,2
4435,2011,2,2
4436,2011,2,2
4437,2011,2,2
4438,2011,2,2
4439,2011,2,2
4440,2011,2,2
4441,2011,2,2
4442,2011,2,2
4443,2011,2,2
4444,2011,2,2
4445,2011,2,2
4446,2011,2,2
4447,2011,2,2
4448,2011,2,2
4449,2011,2,2
4450,2011,2,0
4451,2011,2,2
4452,2011,2,2
4453,2011,2,2
4454,2011,2,2
4455,2011,2,2
4456,2011,2,0
4457,2011,2,2
4458,2011,2,2
4459,2011,2,2
4460,2011,2,2
4461,2011,2,2
4462,2011,2,2
4463,2011,2,2
4464,2011,2,2
4465,2011,2,2
4466,2011,2,2
4467,2011,2,2
4468,2011,2,2
4469,2011,2,2
4470,2011,2,2
4471,2011,2,2
4472,2011,2,2
4473,2011,2,2
4474,2011,2,2
4475,2011,2,2
4476,2011,2,2
4477,2011,2,2
4478,2011,2,2
4479,2011,2,2
4480,2011,2,0
4481,2011,2,0
4482,2011,2,0
4483,2011,2,0
4484,2011,2,0
4485,2011,2,2
4486,2011,2,2
4487,2011,2,2
4488,2011,2,2
4489,2011,2,2
4490,2011,2,2
4491,2011,2,2
4492,2011,2,2
4493,2011,2,2
4494,2011,2,2
4495,2011,2,2
4496,2011,2,2
4497,2011,2,2
4498,2011,2,2
4499,2011,2,2
4500,2011,2,0
4501,2011,2,0
4502,2011,2,0
4503,2011,2,1
4504,2011,2,0
4505,2011,2,2
4506,2011,2,2
4507,2011,2,2
4508,2011,2,2
4509,2011,2,2
4510,2011,2,2
4511,2011,2,2
4512,2011,2,2
4513,2011,2,2
4514,2011,2,2
4515,2011,2,2
4516,2011,2,2
4517,2011,2,2
4518,2011,2,2
4519,2011,2,2
4520,2011,2,2
4521,2011,2,2
4522,2011,2,2
4523,2011,2,2
4524,2011,2,2
4525,2011,2,2
4526,2011,2,2
4527,2011,2,2
4528,2011,2,2
4529,2011,2,2
4530,2011,2,2
4531,2011,2,2
4532,2011,2,2
4533,2011,2,2
4534,2011,2,2
4535,2011,2,2
4536,2011,2,2
4537,2011,2,2
4538,2011,2,2
4539,2011,2,2
4540,2011,2,0
4541,2011,2,2
4542,2011,2,0
4543,2011,2,0
4544,2011,2,0
4545,2011,2,0
4546,2011,2,2
4547,2011,2,2
4548,2011,2,2
4549,2011,2,2
4550,2011,2,0
4551,2011,2,2
4552,2011,2,2
4553,2011,2,2
4554,2011,2,2
4555,2011,2,2
4556,2011,2,2
4557,2011,2,0
4558,2011,2,0
4559,2011,2,2
4560,2011,2,2
4561,2011,2,2
4562,2011,2,2
4563,2011,2,2
4564,2011,2,2
4565,2011,2,2
4566,2011,2,0
4567,2011,2,0
4568,2011,2,2
4569,2011,2,2
4570,2011,2,2
4571,2011,2,2
4572,2011,2,2
4573,2011,2,2
4574,2011,2,2
4575,2011,2,2
4576,2011,2,2
4577,2011,2,2
4578,2011,2,2
4579,2011,2,2
4580,2011,2,1
4581,2011,2,2
4582,2011,2,2
4583,2011,2,2
4584,2011,2,2
4585,2011,2,2
4586,2011,2,2
4587,2011,2,0
4588,2011,2,0
4589,2011,2,2
4590,2011,2,2
4591,2011,2,2
4592,2011,2,2
4593,2011,2,2
4594,2011,2,2
4595,2011,2,2
4596,2011,2,2
4597,2011,2,2
4598,2011,2,2
4599,2011,2,2
4600,2011,2,2
4601,2011,2,2
4602,2011,2,2
4603,2011,2,2
4604,2011,2,2
4605,2011,2,2
4606,2011,2,2
4607,2011,2,0
4608,2011,2,2
4609,2011,2,2
4610,2011,2,2
4611,2011,2,2
4612,2011,2,2
4613,2011,2,2
4614,2011,2,2
4615,2011,2,2
4616,2011,2,2
4617,2011,2,2
4618,2011,2,2
4619,2011,2,2
4620,2011,2,2
4621,2011,2,2
4622,2011,2,2
4623,2011,2,2
4624,2011,2,2
4625,2011,2,2
4626,2011,2,2
4627,2011,2,2
4628,2011,2,2
4629,2011,2,2
4630,2011,2,2
4631,2011,2,0
4632,2011,2,0
4633,2011,2,2
4634,2011,2,2
4635,2011,2,2
4636,2011,2,2
4637,2011,2,2
4638,2011,2,2
4639,2011,2,2
4640,2011,2,2
4641,2011,2,2
4642,2011,2,0
4643,2011,2,0
4644,2011,2,2
4645,2011,2,2
4646,2011,2,2
4647,2011,2,2
4648,2011,2,2
4649,2011,2,2
4650,2011,2,2
4651,2011,2,2
4652,2011,2,2
4653,2011,2,2
4654,2011,2,2
4655,2011,2,0
4656,2011,2,2
4657,2011,2,0
4658,2011,2,0
4659,2011,2,0
4660,2011,2,2
4661,2011,2,2
4662,2011,2,0
4663,2011,2,0
4664,2011,2,0
4665,2011,2,0
4666,2011,2,0
4667,2011,2,2
4668,2011,2,0
4669,2011,2,0
4670,2011,2,2
4671,2011,2,2
4672,2011,2,2
4673,2011,2,2
4674,2011,2,2
4675,2011,2,2
4676,2011,2,2
4677,2011,2,2
4678,2011,2,2
4679,2011,2,2
4680,2011,2,2
4681,2011,2,2
4682,2011,2,2
4683,2011,2,2
4684,2011,2,2
4685,2011,2,2
4686,2011,2,2
4687,2011,2,2
4688,2011,2,2
4689,2011,2,2
4690,2011,2,2
4691,2011,2,2
4692,2011,2,2
4693,2011,2,2
4694,2011,2,0
4695,2011,2,2
4696,2011,2,2
4697,2011,2,2
4698,2011,2,2
4699,2011,2,2
4700,2011,2,2
4701,2011,2,2
4702,2011,2,2
4703,2011,2,2
4704,2011,2,2
4705,2011,2,2
4706,2011,2,2
4707,2011,2,2
4708,2011,2,2
4709,2011,2,2
4710,2011,2,0
4711,2011,2,2
4712,2011,2,2
4713,2011,2,2
4714,2011,2,2
4715,2011,2,2
4716,2011,2,2
4717,2011,2,2
4718,2011,2,2
4719,2011,2,2
4720,2011,2,2
4721,2011,2,2
4722,2011,2,2
4723,2011,2,2
4724,2011,2,2
4725,2011,2,2
4726,2011,2,2
4727,2011,2,2
4728,2011,2,0
4729,2011,2,2
4730,2011,2,2
4731,2011,2,2
4732,2011,2,2
4733,2011,2,2
4734,2011,2,0
4735,2011,2,2
4736,2011,2,2
4737,2011,2,2
4738,2011,2,2
4739,2011,2,2
4740,2011,2,2
4741,2011,2,2
4742,2011,2,2
4743,2011,2,2
4744,2011,2,2
4745,2011,2,2
4746,2011,2,2
4747,2011,2,1
4748,2011,2,0
4749,2011,2,0
4750,2011,2,0
4751,2011,2,2
4752,2011,2,2
4753,2011,2,2
4754,2011,2,2
4755,2011,2,2
4756,2011,2,2
4757,2011,2,0
4758,2011,2,0
4759,2011,2,0
4760,2011,2,0
4761,2011,2,2
4762,2011,2,2
4763,2011,2,2
4764,2011,2,2
4765,2011,2,2
4766,2011,2,2
4767,2011,2,2
4768,2011,2,2
4769,2011,2,2
4770,2011,2,2
4771,2011,2,2
4772,2011,2,2
4773,2011,2,2
4774,2011,2,2
4775,2011,2,2
4776,2011,2,2
4777,2011,2,2
4778,2011,2,2
4779,2011,2,2
4780,2011,2,2
4781,2011,2,0
4782,2011,2,2
4783,2011,2,2
4784,2011,2,0
4785,2011,2,0
4786,2011,2,2
4787,2011,2,0
4788,2011,2,0
4789,2011,2,2
4790,2011,2,0
4791,2011,2,0
4792,2011,2,2
4793,2011,2,2
4794,2011,2,2
4795,2011,2,0
4796,2011,2,2
4797,2011,2,0
4798,2011,2,0
4799,2011,2,0
4800,2011,2,0
4801,2011,2,0
4802,2011,2,0
4803,2011,2,0
4804,2011,2,0
4805,2011,2,0
4806,2011,2,2
4807,2011,2,0
4808,2011,2,0
4809,2011,2,2
4810,2011,2,2
4811,2011,2,2
4812,2011,2,2
4813,2011,2,2
4814,2011,2,2
4815,2011,2,2
4816,2011,2,2
4817,2011,2,0
4818,2011,2,0
4819,2011,2,0
4820,2011,2,0
4821,2011,2,0
4822,2011,2,0
4823,2011,2,0
4824,2011,2,2
4825,2011,2,2
4826,2011,2,2
4827,2011,2,0
4828,2011,2,0
4829,2011,2,2
4830,2011,2,2
4831,2011,2,2
4832,2011,2,2
4833,2011,2,2
4834,2011,2,2
4835,2011,2,2
4836,2011,2,2
4837,2011,2,2
4838,2011,2,2
4839,2011,2,2
4840,2011,2,2
4841,2011,2,2
4842,2011,2,2
4843,2011,2,2
4844,2011,2,2
4845,2011,2,2
4846,2011,2,2
4847,2011,2,2
4848,2011,2,2
4849,2011,2,2
4850,2011,2,2
4851,2011,2,2
4852,2011,2,2
4853,2011,2,2
4854,2011,2,2
4855,2011,2,2
4856,2011,2,2
4857,2011,2,2
4858,2011,2,2
4859,2011,2,2
4860,2011,2,0
4861,2011,2,0
4862,2011,2,2
4863,2011,2,2
4864,2011,2,2
4865,2011,2,2
4866,2011,2,2
4867,2011,2,2
4868,2011,2,2
4869,2011,2,2
4870,2011,2,2
4871,2011,2,2
4872,2011,2,2
4873,2011,2,2
4874,2011,2,2
4875,2011,2,2
4876,2011,2,2
4877,2011,2,2
4878,2011,2,0
4879,2011,2,2
4880,2011,2,2
4881,2011,2,2
4882,2011,2,2
4883,2011,2,2
4884,2011,2,2
4885,2011,2,2
4886,2011,2,2
4887,2011,2,2
4888,2011,2,2
4889,2011,2,2
4890,2011,2,2
4891,2011,2,2
4892,2011,2,2
4893,2011,2,2
4894,2011,2,2
4895,2011,2,2
4896,2011,2,2
4897,2011,2,2
4898,2011,2,2
4899,2011,2,2
4900,2011,2,2
4901,2011,2,2
4902,2011,2,2
4903,2011,2,2
4904,2011,2,2
4905,2011,2,2
4906,2011,2,2
4907,2011,2,2
4908,2011,2,2
4909,2011,2,2
4910,2011,2,2
4911,2011,2,2
4912,2011,2,2
4913,2011,2,2
4914,2011,2,2
4915,2011,2,2
4916,2011,2,2
4917,2011,2,2
4918,2011,2,2
4919,2011,2,2
4920,2011,2,2
4921,2011,2,2
4922,2011,2,2
4923,2011,2,2
4924,2011,2,2
4925,2011,2,2
4926,2011,2,2
4927,2011,2,2
4928,2011,2,2
4929,2011,2,2
4930,2011,2,2
4931,2011,2,2
4932,2011,2,2
4933,2011,2,2
4934,2011,2,2
4935,2011,2,2
4936,2011,2,2
4937,2011,2,2
4938,2011,2,2
4939,2011,2,2
4940,2011,2,2
4941,2011,2,2
4942,2011,2,2
4943,2011,2,2
4944,2011,2,2
4945,2011,2,2
4946,2011,2,2
4947,2011,2,2
4948,2011,2,2
4949,2011,2,2
4950,2011,2,2
4951,2011,2,2
4952,2011,2,2
4953,2011,2,2
4954,2011,2,2
4955,2011,2,2
4956,2011,2,2
4957,2011,2,2
4958,2011,2,2
4959,2011,2,2
4960,2011,2,2
4961,2011,2,2
4962,2011,2,2
4963,2011,2,2
4964,2011,2,2
4965,2011,2,2
4966,2011,2,2
4967,2011,2,2
4968,2011,2,2
4969,2011,2,2
4970,2011,2,2
4971,2011,2,2
4972,2011,2,2
4973,2011,2,0
4974,2011,2,0
4975,2011,2,2
4976,2011,2,2
4977,2011,2,2
4978,2011,2,0
4979,2011,2,2
4980,2011,2,2
4981,2011,2,2
4982,2011,2,2
4983,2011,2,2
4984,2011,2,2
4985,2011,2,2
4986,2011,2,2
4987,2011,2,2
4988,2011,2,2
4989,2011,2,2
4990,2011,2,2
4991,2011,2,2
4992,2011,2,2
4993,2011,2,2
4994,2011,2,2
4995,2011,2,2
4996,2011,2,2
4997,2011,2,2
4998,2011,2,2
4999,2011,2,2
5000,2011,2,2
5001,2011,2,2
5002,2011,2,2
5003,2011,2,2
5004,2011,2,2
5005,2011,2,2
5006,2011,2,2
5007,2011,2,2
5008,2011,2,2
5009,2011,2,2
5010,2011,2,2
5011,2011,2,0
5012,2011,2,2
5013,2011,2,0
5014,2011,2,0
5015,2011,2,0
5016,2011,2,0
5017,2011,2,2
5018,2011,2,2
5019,2011,2,2
5020,2011,2,2
5021,2011,2,2
5022,2011,2,2
5023,2011,2,2
5024,2011,2,2
5025,2011,2,2
5026,2011,2,2
5027,2011,2,2
5028,2011,2,2
5029,2011,2,2
5030,2011,2,2
5031,2011,2,2
5032,2011,2,2
5033,2011,2,2
5034,2011,2,2
5035,2011,2,2
5036,2011,2,2
5037,2011,2,2
5038,2011,2,2
5039,2011,2,2
5040,2011,2,2
5041,2011,2,2
5042,2011,2,2
5043,2011,2,2
5044,2011,2,2
5045,2011,2,2
5046,2011,2,2
5047,2011,2,2
5048,2011,2,2
5049,2011,2,2
5050,2011,2,2
5051,2011,2,2
5052,2011,2,2
5053,2011,2,2
5054,2011,2,2
5055,2011,2,2
5056,2011,2,2
5057,2011,2,2
5058,2011,2,2
5059,2011,2,2
5060,2011,2,2
5061,2011,2,2
5062,2011,2,2
5063,2011,2,2
5064,2011,2,2
5065,2011,2,2
5066,2011,2,2
5067,2011,2,0
5068,2011,2,2
5069,2011,2,2
5070,2011,2,2
5071,2011,2,2
5072,2011,2,2
5073,2011,2,2
5074,2011,2,2
5075,2011,2,2
5076,2011,2,2
5077,2011,2,2
5078,2011,2,2
5079,2011,2,2
5080,2011,2,2
5081,2011,2,2
5082,2011,2,2
5083,2011,2,2
5084,2011,2,2
5085,2011,2,2
5086,2011,2,2
5087,2011,2,2
5088,2011,2,2
5089,2011,2,2
5090,2011,2,2
5091,2011,2,2
5092,2011,2,2
5093,2011,2,2
5094,2011,2,2
5095,2011,2,2
5096,2011,2,2
5097,2011,2,2
5098,2011,2,2
5099,2011,2,2
5100,2011,2,2
5101,2011,2,2
5102,2011,2,2
5103,2011,2,2
5104,2011,2,2
5105,2011,2,2
5106,2011,2,2
5107,2011,2,2
5108,2011,2,2
5109,2011,2,2
5110,2011,2,2
5111,2011,2,2
5112,2011,2,2
5113,2011,2,0
5114,2011,2,0
5115,2011,2,2
5116,2011,2,2
5117,2011,2,2
5118,2011,2,2
5119,2011,2,2
5120,2011,2,2
5121,2011,2,2
5122,2011,2,2
5123,2011,2,2
5124,2011,2,2
5125,2011,2,2
5126,2011,2,2
5127,2011,2,2
5128,2011,2,2
5129,2011,2,2
5130,2011,2,2
5131,2011,2,2
5132,2011,2,2
5133,2011,2,2
5134,2011,2,2
5135,2011,2,2
5136,2011,2,0
5137,2011,2,2
5138,2011,2,2
5139,2011,2,2
5140,2011,2,2
5141,2011,2,2
5142,2011,2,2
5143,2011,2,2
5144,2011,2,2
5145,2011,2,2
5146,2011,2,2
5147,2011,2,2
5148,2011,2,2
5149,2011,2,2
5150,2011,2,2
5151,2011,2,2
5152,2011,2,2
5153,2011,2,2
5154,2011,2,2
5155,2011,2,2
5156,2011,2,2
5157,2011,2,2
5158,2011,2,2
5159,2011,2,2
5160,2011,2,2
5161,2011,2,2
5162,2011,2,2
5163,2011,2,2
5164,2011,2,2
5165,2011,2,2
5166,2011,2,2
5167,2011,2,0
5168,2011,2,2
5169,2011,2,2
5170,2011,2,0
5171,2011,2,0
5172,2011,2,2
5173,2011,2,2
5174,2011,2,2
5175,2011,2,2
5176,2011,2,2
5177,2011,2,2
5178,2011,2,2
5179,2011,2,0
5180,2011,2,2
5181,2011,2,0
5182,2011,2,2
5183,2011,2,2
5184,2011,2,2
5185,2011,2,2
5186,2011,2,0
5187,2011,2,2
5188,2011,2,2
5189,2011,2,0
5190,2011,2,0
5191,2011,2,2
5192,2011,2,2
5193,2011,2,2
5194,2011,2,2
5195,2011,2,2
5196,2011,2,2
5197,2011,2,0
5198,2011,2,2
5199,2011,2,2
5200,2011,2,2
5201,2011,2,2
5202,2011,2,2
5203,2011,2,2
5204,2011,2,2
5205,2011,2,2
5206,2011,2,2
5207,2011,2,2
5208,2011,2,0
5209,2011,2,2
5210,2011,2,2
5211,2011,2,2
5212,2011,2,2
5213,2011,2,2
5214,2011,2,2
5215,2011,2,2
5216,2011,2,2
5217,2011,2,2
5218,2011,2,2
5219,2011,2,0
5220,2011,2,0
5221,2011,2,0
5222,2011,2,0
5223,2011,2,0
5224,2011,2,2
5225,2011,2,0
5226,2011,2,2
5227,2011,2,2
5228,2011,2,2
5229,2011,2,2
5230,2011,2,2
5231,2011,2,0
5232,2011,2,2
5233,2011,2,2
5234,2011,2,2
5235,2011,2,2
5236,2011,2,2
5237,2011,2,0
5238,2011,2,2
5239,2011,2,2
5240,2011,2,2
5241,2011,2,0
5242,2011,2,0
5243,2011,2,2
5244,2011,2,0
5245,2011,2,0
5246,2011,2,0
5247,2011,2,2
5248,2011,2,0
5249,2011,2,2
5250,2011,2,2
5251,2011,2,2
5252,2011,2,2
5253,2011,2,2
5254,2011,2,2
5255,2011,2,0
5256,2011,2,2
5257,2011,2,2
5258,2011,2,2
5259,2011,2,2
5260,2011,2,2
5261,2011,2,2
5262,2011,2,2
5263,2011,2,2
5264,2011,2,2
5265,2011,2,2
5266,2011,2,0
5267,2011,2,0
5268,2011,2,2
5269,2011,2,2
5270,2011,2,2
5271,2011,2,0
5272,2011,2,2
5273,2011,2,2
5274,2011,2,2
5275,2011,2,2
5276,2011,2,2
5277,2011,2,2
5278,2011,2,2
5279,2011,2,2
5280,2011,2,0
5281,2011,2,0
5282,2011,2,2
5283,2011,2,2
5284,2011,2,2
5285,2011,2,2
5286,2011,2,2
5287,2011,2,2
5288,2011,2,2
5289,2011,2,0
5290,2011,2,2
5291,2011,2,2
